[2026-08-06T05:57:07.887Z] 500 Error: Failed to fetch requirements list. Details: Unknown column 'r.deleted_at' in 'where clause'
[2026-08-06T05:57:33.610Z] 500 Error: Failed to fetch requirements list. Details: Unknown column 'r.deleted_at' in 'where clause'
[2026-08-06T06:00:52.494Z] 500 Error: Failed to create requirement. Details: Unknown column 'work_mode' in 'field list'
[2026-08-06T06:01:04.824Z] 500 Error: Failed to create requirement. Details: Unknown column 'work_mode' in 'field list'
[2026-08-06T06:03:53.354Z] 500 Error: Failed to create requirement. Details: Unknown column 'education' in 'field list'
[2026-08-06T06:05:31.977Z] 500 Error: Failed to create requirement. Details: Unknown column 'education' in 'field list'
[2026-08-06T07:05:16.733Z] 500 Error: Failed to fetch pipeline stats. Details: "read ECONNRESET"
[2026-08-06T07:05:16.773Z] 500 Error: Failed to fetch pipeline stats. Details: "Can't add new command when connection is in closed state"
[2026-08-06T07:05:16.796Z] 500 Error: Failed to fetch pipeline stats. Details: "Can't add new command when connection is in closed state"
[2026-08-06T07:05:16.819Z] 500 Error: Failed to fetch pipeline stats. Details: "Can't add new command when connection is in closed state"
[2026-08-06T07:05:16.851Z] 500 Error: Failed to fetch pipeline stats. Details: "Can't add new command when connection is in closed state"
[2026-08-06T07:05:16.870Z] 500 Error: Failed to fetch pipeline stats. Details: "Can't add new command when connection is in closed state"
[2026-08-06T07:05:16.891Z] 500 Error: Failed to fetch pipeline stats. Details: "Can't add new command when connection is in closed state"
[2026-08-06T07:05:16.914Z] 500 Error: Failed to fetch pipeline stats. Details: "Can't add new command when connection is in closed state"
[2026-08-06T07:05:16.939Z] 500 Error: Failed to fetch pipeline stats. Details: "Can't add new command when connection is in closed state"
[2026-08-06T07:05:16.962Z] 500 Error: Failed to fetch pipeline stats. Details: "Can't add new command when connection is in closed state"
[2026-08-06T07:05:16.984Z] 500 Error: Failed to fetch pipeline stats. Details: "Can't add new command when connection is in closed state"
[2026-08-06T07:05:17.026Z] 500 Error: Failed to fetch pipeline stats. Details: "Can't add new command when connection is in closed state"
[2026-08-06T07:05:17.070Z] 500 Error: Failed to fetch pipeline stats. Details: "Can't add new command when connection is in closed state"
[2026-08-06T07:05:17.098Z] 500 Error: Failed to fetch pipeline stats. Details: "Can't add new command when connection is in closed state"
[2026-08-06T07:05:17.144Z] 500 Error: Failed to fetch pipeline stats. Details: "Can't add new command when connection is in closed state"
[2026-08-06T07:05:17.195Z] 500 Error: Failed to fetch pipeline stats. Details: "Can't add new command when connection is in closed state"
[2026-08-06T07:05:17.296Z] 500 Error: Failed to fetch pipeline stats. Details: "Can't add new command when connection is in closed state"
[2026-08-06T07:05:17.322Z] 500 Error: Failed to fetch pipeline stats. Details: "Can't add new command when connection is in closed state"
[2026-08-06T07:05:17.345Z] 500 Error: Failed to fetch pipeline stats. Details: "Can't add new command when connection is in closed state"
[2026-08-06T07:05:17.384Z] 500 Error: Failed to fetch pipeline stats. Details: "Can't add new command when connection is in closed state"
[2026-08-06T07:05:17.426Z] 500 Error: Failed to fetch pipeline stats. Details: "Can't add new command when connection is in closed state"
[2026-08-06T07:05:17.457Z] 500 Error: Failed to fetch pipeline stats. Details: "Can't add new command when connection is in closed state"
[2026-08-06T07:05:17.479Z] 500 Error: Failed to fetch pipeline stats. Details: "Can't add new command when connection is in closed state"
[2026-08-06T07:05:17.522Z] 500 Error: Failed to fetch pipeline stats. Details: "Can't add new command when connection is in closed state"
[2026-08-06T07:05:17.578Z] 500 Error: Failed to fetch pipeline stats. Details: "Can't add new command when connection is in closed state"
[2026-08-06T07:05:17.628Z] 500 Error: Failed to fetch pipeline stats. Details: "Can't add new command when connection is in closed state"
[2026-08-06T07:05:17.674Z] 500 Error: Failed to fetch pipeline stats. Details: "Can't add new command when connection is in closed state"
[2026-08-06T07:05:17.726Z] 500 Error: Failed to fetch pipeline stats. Details: "Can't add new command when connection is in closed state"
[2026-08-06T07:05:17.790Z] 500 Error: Failed to fetch pipeline stats. Details: "Can't add new command when connection is in closed state"
[2026-08-06T07:05:17.844Z] 500 Error: Failed to fetch pipeline stats. Details: "Can't add new command when connection is in closed state"
[2026-08-06T07:05:17.911Z] 500 Error: Failed to fetch pipeline stats. Details: "Can't add new command when connection is in closed state"
[2026-08-06T07:05:17.962Z] 500 Error: Failed to fetch pipeline stats. Details: "Can't add new command when connection is in closed state"
[2026-08-06T07:05:18.028Z] 500 Error: Failed to fetch pipeline stats. Details: "Can't add new command when connection is in closed state"
[2026-08-06T07:05:18.088Z] 500 Error: Failed to fetch pipeline stats. Details: "Can't add new command when connection is in closed state"
[2026-08-06T07:05:18.194Z] 500 Error: Failed to fetch pipeline stats. Details: "Can't add new command when connection is in closed state"
[2026-08-06T07:05:18.245Z] 500 Error: Failed to fetch pipeline stats. Details: "Can't add new command when connection is in closed state"
[2026-08-06T07:05:18.290Z] 500 Error: Failed to fetch pipeline stats. Details: "Can't add new command when connection is in closed state"
[2026-08-06T07:05:18.334Z] 500 Error: Failed to fetch pipeline stats. Details: "Can't add new command when connection is in closed state"
[2026-08-06T07:05:18.378Z] 500 Error: Failed to fetch pipeline stats. Details: "Can't add new command when connection is in closed state"
[2026-08-06T07:05:18.427Z] 500 Error: Failed to fetch pipeline stats. Details: "Can't add new command when connection is in closed state"
[2026-08-06T07:05:18.482Z] 500 Error: Failed to fetch pipeline stats. Details: "Can't add new command when connection is in closed state"
[2026-08-06T07:05:18.526Z] 500 Error: Failed to fetch pipeline stats. Details: "Can't add new command when connection is in closed state"
[2026-08-06T07:05:18.593Z] 500 Error: Failed to fetch pipeline stats. Details: "Can't add new command when connection is in closed state"
[2026-08-06T07:05:18.660Z] 500 Error: Failed to fetch pipeline stats. Details: "Can't add new command when connection is in closed state"
[2026-08-06T07:05:18.726Z] 500 Error: Failed to fetch pipeline stats. Details: "Can't add new command when connection is in closed state"
[2026-08-06T07:05:18.777Z] 500 Error: Failed to fetch pipeline stats. Details: "Can't add new command when connection is in closed state"
[2026-08-06T07:05:18.827Z] 500 Error: Failed to fetch pipeline stats. Details: "Can't add new command when connection is in closed state"
[2026-08-06T07:05:18.875Z] 500 Error: Failed to fetch pipeline stats. Details: "Can't add new command when connection is in closed state"
[2026-08-06T07:05:18.904Z] 500 Error: Failed to fetch pipeline stats. Details: "Can't add new command when connection is in closed state"
[2026-08-06T07:05:18.973Z] 500 Error: Failed to fetch pipeline stats. Details: "Can't add new command when connection is in closed state"
[2026-08-06T07:05:19.033Z] 500 Error: Failed to fetch pipeline stats. Details: "Can't add new command when connection is in closed state"
[2026-08-06T07:05:19.072Z] 500 Error: Failed to fetch pipeline stats. Details: "Can't add new command when connection is in closed state"
[2026-08-06T07:05:19.132Z] 500 Error: Failed to fetch pipeline stats. Details: "Can't add new command when connection is in closed state"
[2026-08-06T07:05:19.177Z] 500 Error: Failed to fetch pipeline stats. Details: "Can't add new command when connection is in closed state"
[2026-08-06T07:05:19.241Z] 500 Error: Failed to fetch pipeline stats. Details: "Can't add new command when connection is in closed state"
[2026-08-06T07:05:19.280Z] 500 Error: Failed to fetch pipeline stats. Details: "Can't add new command when connection is in closed state"
[2026-08-06T07:05:19.327Z] 500 Error: Failed to fetch pipeline stats. Details: "Can't add new command when connection is in closed state"
[2026-08-06T07:05:19.376Z] 500 Error: Failed to fetch pipeline stats. Details: "Can't add new command when connection is in closed state"
[2026-08-06T07:05:19.435Z] 500 Error: Failed to fetch pipeline stats. Details: "Can't add new command when connection is in closed state"
[2026-08-06T07:05:19.477Z] 500 Error: Failed to fetch pipeline stats. Details: "Can't add new command when connection is in closed state"
[2026-08-06T07:05:19.541Z] 500 Error: Failed to fetch pipeline stats. Details: "Can't add new command when connection is in closed state"
[2026-08-06T07:05:19.589Z] 500 Error: Failed to fetch pipeline stats. Details: "Can't add new command when connection is in closed state"
[2026-08-06T07:05:19.641Z] 500 Error: Failed to fetch pipeline stats. Details: "Can't add new command when connection is in closed state"
[2026-08-06T07:05:19.686Z] 500 Error: Failed to fetch pipeline stats. Details: "Can't add new command when connection is in closed state"
[2026-08-06T07:05:19.730Z] 500 Error: Failed to fetch pipeline stats. Details: "Can't add new command when connection is in closed state"
[2026-08-06T07:05:19.775Z] 500 Error: Failed to fetch pipeline stats. Details: "Can't add new command when connection is in closed state"
[2026-08-06T07:05:19.816Z] 500 Error: Failed to fetch pipeline stats. Details: "Can't add new command when connection is in closed state"
[2026-08-06T07:05:19.844Z] 500 Error: Failed to fetch pipeline stats. Details: "Can't add new command when connection is in closed state"
[2026-08-06T07:05:19.876Z] 500 Error: Failed to fetch pipeline stats. Details: "Can't add new command when connection is in closed state"
[2026-08-06T07:05:19.906Z] 500 Error: Failed to fetch pipeline stats. Details: "Can't add new command when connection is in closed state"
[2026-08-06T07:05:19.946Z] 500 Error: Failed to fetch pipeline stats. Details: "Can't add new command when connection is in closed state"
[2026-08-06T07:05:19.980Z] 500 Error: Failed to fetch pipeline stats. Details: "Can't add new command when connection is in closed state"
[2026-08-06T07:05:20.020Z] 500 Error: Failed to fetch pipeline stats. Details: "Can't add new command when connection is in closed state"
[2026-08-06T07:05:20.059Z] 500 Error: Failed to fetch pipeline stats. Details: "Can't add new command when connection is in closed state"
[2026-08-06T07:05:20.094Z] 500 Error: Failed to fetch pipeline stats. Details: "Can't add new command when connection is in closed state"
[2026-08-06T07:05:20.142Z] 500 Error: Failed to fetch pipeline stats. Details: "Can't add new command when connection is in closed state"
[2026-08-06T07:05:20.188Z] 500 Error: Failed to fetch pipeline stats. Details: "Can't add new command when connection is in closed state"
[2026-08-06T07:05:20.227Z] 500 Error: Failed to fetch pipeline stats. Details: "Can't add new command when connection is in closed state"
[2026-08-06T07:05:20.265Z] 500 Error: Failed to fetch pipeline stats. Details: "Can't add new command when connection is in closed state"
[2026-08-06T07:05:20.296Z] 500 Error: Failed to fetch pipeline stats. Details: "Can't add new command when connection is in closed state"
[2026-08-06T07:05:20.332Z] 500 Error: Failed to fetch pipeline stats. Details: "Can't add new command when connection is in closed state"
[2026-08-06T07:05:20.366Z] 500 Error: Failed to fetch pipeline stats. Details: "Can't add new command when connection is in closed state"
[2026-08-06T07:05:20.413Z] 500 Error: Failed to fetch pipeline stats. Details: "Can't add new command when connection is in closed state"
[2026-08-06T07:05:20.455Z] 500 Error: Failed to fetch pipeline stats. Details: "Can't add new command when connection is in closed state"
[2026-08-06T07:05:20.498Z] 500 Error: Failed to fetch pipeline stats. Details: "Can't add new command when connection is in closed state"
[2026-08-06T07:05:20.530Z] 500 Error: Failed to fetch pipeline stats. Details: "Can't add new command when connection is in closed state"
[2026-08-06T07:05:20.560Z] 500 Error: Failed to fetch pipeline stats. Details: "Can't add new command when connection is in closed state"
[2026-08-06T07:05:20.593Z] 500 Error: Failed to fetch pipeline stats. Details: "Can't add new command when connection is in closed state"
[2026-08-06T07:05:20.627Z] 500 Error: Failed to fetch pipeline stats. Details: "Can't add new command when connection is in closed state"
[2026-08-06T07:05:20.680Z] 500 Error: Failed to fetch pipeline stats. Details: "Can't add new command when connection is in closed state"
[2026-08-06T07:05:20.719Z] 500 Error: Failed to fetch pipeline stats. Details: "Can't add new command when connection is in closed state"
[2026-08-06T07:05:20.799Z] 500 Error: Failed to fetch pipeline stats. Details: "Can't add new command when connection is in closed state"
[2026-08-06T07:05:20.843Z] 500 Error: Failed to fetch pipeline stats. Details: "Can't add new command when connection is in closed state"
[2026-08-06T07:05:20.897Z] 500 Error: Failed to fetch pipeline stats. Details: "Can't add new command when connection is in closed state"
[2026-08-06T07:05:20.930Z] 500 Error: Failed to fetch pipeline stats. Details: "Can't add new command when connection is in closed state"
[2026-08-06T07:05:20.984Z] 500 Error: Failed to fetch pipeline stats. Details: "Can't add new command when connection is in closed state"
[2026-08-06T07:05:21.043Z] 500 Error: Failed to fetch pipeline stats. Details: "Can't add new command when connection is in closed state"
[2026-08-06T07:05:21.110Z] 500 Error: Failed to fetch pipeline stats. Details: "Can't add new command when connection is in closed state"
[2026-08-06T07:05:21.173Z] 500 Error: Failed to fetch pipeline stats. Details: "Can't add new command when connection is in closed state"
[2026-08-06T07:05:21.215Z] 500 Error: Failed to fetch pipeline stats. Details: "Can't add new command when connection is in closed state"
[2026-08-06T07:05:21.265Z] 500 Error: Failed to fetch pipeline stats. Details: "Can't add new command when connection is in closed state"
[2026-08-06T07:05:21.348Z] 500 Error: Failed to fetch pipeline stats. Details: "Can't add new command when connection is in closed state"
[2026-08-06T07:05:21.396Z] 500 Error: Failed to fetch pipeline stats. Details: "Can't add new command when connection is in closed state"
[2026-08-06T07:05:21.439Z] 500 Error: Failed to fetch pipeline stats. Details: "Can't add new command when connection is in closed state"
[2026-08-06T07:05:21.480Z] 500 Error: Failed to fetch pipeline stats. Details: "Can't add new command when connection is in closed state"
[2026-08-06T07:05:21.523Z] 500 Error: Failed to fetch pipeline stats. Details: "Can't add new command when connection is in closed state"
[2026-08-06T07:05:21.564Z] 500 Error: Failed to fetch pipeline stats. Details: "Can't add new command when connection is in closed state"
[2026-08-06T07:05:21.612Z] 500 Error: Failed to fetch pipeline stats. Details: "Can't add new command when connection is in closed state"
[2026-08-06T07:05:21.643Z] 500 Error: Failed to fetch pipeline stats. Details: "Can't add new command when connection is in closed state"
[2026-08-06T07:05:21.705Z] 500 Error: Failed to fetch pipeline stats. Details: "Can't add new command when connection is in closed state"
[2026-08-06T07:05:21.754Z] 500 Error: Failed to fetch pipeline stats. Details: "Can't add new command when connection is in closed state"
[2026-08-06T07:05:21.801Z] 500 Error: Failed to fetch pipeline stats. Details: "Can't add new command when connection is in closed state"
[2026-08-06T07:05:21.835Z] 500 Error: Failed to fetch pipeline stats. Details: "Can't add new command when connection is in closed state"
[2026-08-06T07:05:21.888Z] 500 Error: Failed to fetch pipeline stats. Details: "Can't add new command when connection is in closed state"
[2026-08-06T07:05:21.914Z] 500 Error: Failed to fetch pipeline stats. Details: "Can't add new command when connection is in closed state"
[2026-08-06T07:05:21.959Z] 500 Error: Failed to fetch pipeline stats. Details: "Can't add new command when connection is in closed state"
[2026-08-06T07:05:22.002Z] 500 Error: Failed to fetch pipeline stats. Details: "Can't add new command when connection is in closed state"
[2026-08-06T07:05:22.048Z] 500 Error: Failed to fetch pipeline stats. Details: "Can't add new command when connection is in closed state"
[2026-08-06T07:05:22.087Z] 500 Error: Failed to fetch pipeline stats. Details: "Can't add new command when connection is in closed state"
[2026-08-06T07:05:22.128Z] 500 Error: Failed to fetch pipeline stats. Details: "Can't add new command when connection is in closed state"
[2026-08-06T07:05:22.164Z] 500 Error: Failed to fetch pipeline stats. Details: "Can't add new command when connection is in closed state"
[2026-08-06T07:05:22.209Z] 500 Error: Failed to fetch pipeline stats. Details: "Can't add new command when connection is in closed state"
[2026-08-06T07:05:22.258Z] 500 Error: Failed to fetch pipeline stats. Details: "Can't add new command when connection is in closed state"
[2026-08-06T07:05:22.310Z] 500 Error: Failed to fetch pipeline stats. Details: "Can't add new command when connection is in closed state"
[2026-08-06T07:05:22.356Z] 500 Error: Failed to fetch pipeline stats. Details: "Can't add new command when connection is in closed state"
[2026-08-06T07:05:22.413Z] 500 Error: Failed to fetch pipeline stats. Details: "Can't add new command when connection is in closed state"
[2026-08-06T07:05:22.464Z] 500 Error: Failed to fetch pipeline stats. Details: "Can't add new command when connection is in closed state"
[2026-08-06T07:05:22.515Z] 500 Error: Failed to fetch pipeline stats. Details: "Can't add new command when connection is in closed state"
[2026-08-06T07:05:22.576Z] 500 Error: Failed to fetch pipeline stats. Details: "Can't add new command when connection is in closed state"
[2026-08-06T07:05:22.627Z] 500 Error: Failed to fetch pipeline stats. Details: "Can't add new command when connection is in closed state"
[2026-08-06T07:05:22.678Z] 500 Error: Failed to fetch pipeline stats. Details: "Can't add new command when connection is in closed state"
[2026-08-06T07:05:22.731Z] 500 Error: Failed to fetch pipeline stats. Details: "Can't add new command when connection is in closed state"
[2026-08-06T07:05:22.793Z] 500 Error: Failed to fetch pipeline stats. Details: "Can't add new command when connection is in closed state"
[2026-08-06T07:05:22.857Z] 500 Error: Failed to fetch pipeline stats. Details: "Can't add new command when connection is in closed state"
[2026-08-06T07:05:22.906Z] 500 Error: Failed to fetch pipeline stats. Details: "Can't add new command when connection is in closed state"
[2026-08-06T07:05:22.943Z] 500 Error: Failed to fetch pipeline stats. Details: "Can't add new command when connection is in closed state"
[2026-08-06T07:05:22.984Z] 500 Error: Failed to fetch pipeline stats. Details: "Can't add new command when connection is in closed state"
[2026-08-06T07:05:23.032Z] 500 Error: Failed to fetch pipeline stats. Details: "Can't add new command when connection is in closed state"
[2026-08-06T07:05:23.092Z] 500 Error: Failed to fetch pipeline stats. Details: "Can't add new command when connection is in closed state"
[2026-08-06T07:05:23.137Z] 500 Error: Failed to fetch pipeline stats. Details: "Can't add new command when connection is in closed state"
[2026-08-06T07:05:23.175Z] 500 Error: Failed to fetch pipeline stats. Details: "Can't add new command when connection is in closed state"
[2026-08-06T07:05:23.210Z] 500 Error: Failed to fetch pipeline stats. Details: "Can't add new command when connection is in closed state"
[2026-08-06T07:05:23.242Z] 500 Error: Failed to fetch pipeline stats. Details: "Can't add new command when connection is in closed state"
[2026-08-06T07:05:23.294Z] 500 Error: Failed to create recruitment source. Details: "Can't add new command when connection is in closed state"
[2026-08-06T07:05:23.302Z] 500 Error: Failed to fetch pipeline stats. Details: "Can't add new command when connection is in closed state"
[2026-08-06T07:05:23.332Z] 500 Error: Failed to fetch pipeline stats. Details: "Can't add new command when connection is in closed state"
[2026-08-06T07:05:23.362Z] 500 Error: Failed to fetch pipeline stats. Details: "Can't add new command when connection is in closed state"
[2026-08-06T07:05:23.395Z] 500 Error: Failed to fetch pipeline stats. Details: "Can't add new command when connection is in closed state"
[2026-08-06T07:05:23.427Z] 500 Error: Failed to fetch pipeline stats. Details: "Can't add new command when connection is in closed state"
[2026-08-06T07:05:23.462Z] 500 Error: Failed to fetch pipeline stats. Details: "Can't add new command when connection is in closed state"
[2026-08-06T07:05:23.503Z] 500 Error: Failed to fetch pipeline stats. Details: "Can't add new command when connection is in closed state"
[2026-08-06T07:05:23.538Z] 500 Error: Failed to fetch pipeline stats. Details: "Can't add new command when connection is in closed state"
[2026-08-06T07:05:23.566Z] 500 Error: Failed to fetch pipeline stats. Details: "Can't add new command when connection is in closed state"
[2026-08-06T07:05:23.596Z] 500 Error: Failed to fetch pipeline stats. Details: "Can't add new command when connection is in closed state"
[2026-08-06T07:05:23.636Z] 500 Error: Failed to fetch pipeline stats. Details: "Can't add new command when connection is in closed state"
[2026-08-06T07:05:23.664Z] 500 Error: Failed to fetch pipeline stats. Details: "Can't add new command when connection is in closed state"
[2026-08-06T07:05:23.690Z] 500 Error: Failed to fetch pipeline stats. Details: "Can't add new command when connection is in closed state"
[2026-08-06T07:05:23.720Z] 500 Error: Failed to fetch pipeline stats. Details: "Can't add new command when connection is in closed state"
[2026-08-06T07:05:23.741Z] 500 Error: Failed to fetch pipeline stats. Details: "Can't add new command when connection is in closed state"
[2026-08-06T07:05:23.771Z] 500 Error: Failed to fetch pipeline stats. Details: "Can't add new command when connection is in closed state"
[2026-08-06T07:05:23.799Z] 500 Error: Failed to fetch pipeline stats. Details: "Can't add new command when connection is in closed state"
[2026-08-06T07:05:23.832Z] 500 Error: Failed to fetch pipeline stats. Details: "Can't add new command when connection is in closed state"
[2026-08-06T07:05:23.873Z] 500 Error: Failed to fetch pipeline stats. Details: "Can't add new command when connection is in closed state"
[2026-08-06T07:05:23.939Z] 500 Error: Failed to fetch pipeline stats. Details: "Can't add new command when connection is in closed state"
[2026-08-06T07:05:24.020Z] 500 Error: Failed to fetch pipeline stats. Details: "Can't add new command when connection is in closed state"
[2026-08-06T07:05:24.086Z] 500 Error: Failed to fetch pipeline stats. Details: "Can't add new command when connection is in closed state"
[2026-08-06T07:05:24.112Z] 500 Error: Failed to fetch pipeline stats. Details: "Can't add new command when connection is in closed state"
[2026-08-06T07:05:24.154Z] 500 Error: Failed to fetch pipeline stats. Details: "Can't add new command when connection is in closed state"
[2026-08-06T07:05:24.178Z] 500 Error: Failed to fetch pipeline stats. Details: "Can't add new command when connection is in closed state"
[2026-08-06T07:05:24.209Z] 500 Error: Failed to fetch pipeline stats. Details: "Can't add new command when connection is in closed state"
[2026-08-06T07:05:24.243Z] 500 Error: Failed to fetch pipeline stats. Details: "Can't add new command when connection is in closed state"
[2026-08-06T07:05:24.275Z] 500 Error: Failed to fetch pipeline stats. Details: "Can't add new command when connection is in closed state"
[2026-08-06T07:05:24.323Z] 500 Error: Failed to fetch pipeline stats. Details: "Can't add new command when connection is in closed state"
[2026-08-06T07:05:24.356Z] 500 Error: Failed to fetch pipeline stats. Details: "Can't add new command when connection is in closed state"
[2026-08-06T07:05:24.390Z] 500 Error: Failed to fetch pipeline stats. Details: "Can't add new command when connection is in closed state"
[2026-08-06T07:05:24.441Z] 500 Error: Failed to fetch pipeline stats. Details: "Can't add new command when connection is in closed state"
[2026-08-06T07:05:24.455Z] 500 Error: Failed to fetch pipeline stats. Details: "Can't add new command when connection is in closed state"
[2026-08-06T07:05:24.465Z] 500 Error: Failed to fetch pipeline stats. Details: "Can't add new command when connection is in closed state"
[2026-08-06T07:05:24.491Z] 500 Error: Failed to fetch pipeline stats. Details: "Can't add new command when connection is in closed state"
[2026-08-06T07:05:24.532Z] 500 Error: Failed to fetch pipeline stats. Details: "Can't add new command when connection is in closed state"
[2026-08-06T07:05:24.565Z] 500 Error: Failed to fetch pipeline stats. Details: "Can't add new command when connection is in closed state"
[2026-08-06T07:05:24.592Z] 500 Error: Failed to fetch pipeline stats. Details: "Can't add new command when connection is in closed state"
[2026-08-06T07:05:24.624Z] 500 Error: Failed to fetch pipeline stats. Details: "Can't add new command when connection is in closed state"
[2026-08-06T07:05:24.658Z] 500 Error: Failed to fetch pipeline stats. Details: "Can't add new command when connection is in closed state"
[2026-08-06T07:05:24.691Z] 500 Error: Failed to fetch pipeline stats. Details: "Can't add new command when connection is in closed state"
[2026-08-06T07:05:24.725Z] 500 Error: Failed to fetch pipeline stats. Details: "Can't add new command when connection is in closed state"
[2026-08-06T07:05:24.771Z] 500 Error: Failed to fetch pipeline stats. Details: "Can't add new command when connection is in closed state"
[2026-08-06T07:05:24.825Z] 500 Error: Failed to fetch pipeline stats. Details: "Can't add new command when connection is in closed state"
[2026-08-06T07:05:24.858Z] 500 Error: Failed to fetch pipeline stats. Details: "Can't add new command when connection is in closed state"
[2026-08-06T07:05:24.891Z] 500 Error: Failed to fetch pipeline stats. Details: "Can't add new command when connection is in closed state"
[2026-08-06T07:05:24.924Z] 500 Error: Failed to fetch pipeline stats. Details: "Can't add new command when connection is in closed state"
[2026-08-06T07:05:24.953Z] 500 Error: Failed to fetch pipeline stats. Details: "Can't add new command when connection is in closed state"
[2026-08-06T07:05:24.977Z] 500 Error: Failed to fetch pipeline stats. Details: "Can't add new command when connection is in closed state"
[2026-08-06T07:05:25.016Z] 500 Error: Failed to fetch pipeline stats. Details: "Can't add new command when connection is in closed state"
[2026-08-06T07:05:25.045Z] 500 Error: Failed to fetch pipeline stats. Details: "Can't add new command when connection is in closed state"
[2026-08-06T07:05:25.076Z] 500 Error: Failed to fetch pipeline stats. Details: "Can't add new command when connection is in closed state"
[2026-08-06T07:05:25.108Z] 500 Error: Failed to fetch pipeline stats. Details: "Can't add new command when connection is in closed state"
[2026-08-06T07:05:25.142Z] 500 Error: Failed to fetch pipeline stats. Details: "Can't add new command when connection is in closed state"
[2026-08-06T07:05:25.197Z] 500 Error: Failed to fetch pipeline stats. Details: "Can't add new command when connection is in closed state"
[2026-08-06T07:05:25.256Z] 500 Error: Failed to fetch pipeline stats. Details: "Can't add new command when connection is in closed state"
[2026-08-06T07:05:25.277Z] 500 Error: Failed to fetch pipeline stats. Details: "Can't add new command when connection is in closed state"
[2026-08-06T07:05:25.317Z] 500 Error: Failed to fetch pipeline stats. Details: "Can't add new command when connection is in closed state"
[2026-08-06T07:05:25.340Z] 500 Error: Failed to fetch pipeline stats. Details: "Can't add new command when connection is in closed state"
[2026-08-06T07:05:25.366Z] 500 Error: Failed to fetch pipeline stats. Details: "Can't add new command when connection is in closed state"
[2026-08-06T07:05:25.381Z] 500 Error: Failed to fetch pipeline stats. Details: "Can't add new command when connection is in closed state"
[2026-08-06T07:05:25.408Z] 500 Error: Failed to fetch pipeline stats. Details: "Can't add new command when connection is in closed state"
[2026-08-06T07:05:25.429Z] 500 Error: Failed to fetch pipeline stats. Details: "Can't add new command when connection is in closed state"
[2026-08-06T07:05:25.451Z] 500 Error: Failed to fetch pipeline stats. Details: "Can't add new command when connection is in closed state"
[2026-08-06T07:05:25.475Z] 500 Error: Failed to fetch pipeline stats. Details: "Can't add new command when connection is in closed state"
[2026-08-06T07:05:25.500Z] 500 Error: Failed to fetch pipeline stats. Details: "Can't add new command when connection is in closed state"
[2026-08-06T07:05:25.523Z] 500 Error: Failed to fetch pipeline stats. Details: "Can't add new command when connection is in closed state"
[2026-08-06T07:05:25.550Z] 500 Error: Failed to fetch pipeline stats. Details: "Can't add new command when connection is in closed state"
[2026-08-06T07:05:25.583Z] 500 Error: Failed to fetch pipeline stats. Details: "Can't add new command when connection is in closed state"
[2026-08-06T07:05:25.604Z] 500 Error: Failed to fetch pipeline stats. Details: "Can't add new command when connection is in closed state"
[2026-08-06T07:05:25.629Z] 500 Error: Failed to fetch pipeline stats. Details: "Can't add new command when connection is in closed state"
[2026-08-06T07:05:25.651Z] 500 Error: Failed to fetch pipeline stats. Details: "Can't add new command when connection is in closed state"
[2026-08-06T07:05:25.672Z] 500 Error: Failed to fetch pipeline stats. Details: "Can't add new command when connection is in closed state"
[2026-08-06T07:05:25.699Z] 500 Error: Failed to fetch pipeline stats. Details: "Can't add new command when connection is in closed state"
[2026-08-06T07:05:25.722Z] 500 Error: Failed to fetch pipeline stats. Details: "Can't add new command when connection is in closed state"
[2026-08-06T07:05:25.742Z] 500 Error: Failed to fetch pipeline stats. Details: "Can't add new command when connection is in closed state"
[2026-08-06T07:05:25.762Z] 500 Error: Failed to fetch pipeline stats. Details: "Can't add new command when connection is in closed state"
[2026-08-06T07:05:25.794Z] 500 Error: Failed to fetch pipeline stats. Details: "Can't add new command when connection is in closed state"
[2026-08-06T07:05:25.804Z] 500 Error: Failed to fetch pipeline stats. Details: "Can't add new command when connection is in closed state"
[2026-08-06T07:05:25.824Z] 500 Error: Failed to fetch pipeline stats. Details: "Can't add new command when connection is in closed state"
[2026-08-06T07:05:25.849Z] 500 Error: Failed to fetch pipeline stats. Details: "Can't add new command when connection is in closed state"
[2026-08-06T07:05:25.871Z] 500 Error: Failed to fetch pipeline stats. Details: "Can't add new command when connection is in closed state"
[2026-08-06T07:05:25.888Z] 500 Error: Failed to fetch pipeline stats. Details: "Can't add new command when connection is in closed state"
[2026-08-06T07:05:25.906Z] 500 Error: Failed to fetch pipeline stats. Details: "Can't add new command when connection is in closed state"
[2026-08-06T07:05:25.925Z] 500 Error: Failed to fetch pipeline stats. Details: "Can't add new command when connection is in closed state"
[2026-08-06T07:05:25.944Z] 500 Error: Failed to fetch pipeline stats. Details: "Can't add new command when connection is in closed state"
[2026-08-06T07:05:25.966Z] 500 Error: Failed to fetch pipeline stats. Details: "Can't add new command when connection is in closed state"
[2026-08-06T07:05:25.978Z] 500 Error: Failed to fetch pipeline stats. Details: "Can't add new command when connection is in closed state"
[2026-08-06T07:05:25.998Z] 500 Error: Failed to fetch pipeline stats. Details: "Can't add new command when connection is in closed state"
[2026-08-06T07:05:26.019Z] 500 Error: Failed to fetch pipeline stats. Details: "Can't add new command when connection is in closed state"
[2026-08-06T07:05:26.041Z] 500 Error: Failed to fetch pipeline stats. Details: "Can't add new command when connection is in closed state"
[2026-08-06T07:05:26.071Z] 500 Error: Failed to fetch pipeline stats. Details: "Can't add new command when connection is in closed state"
[2026-08-06T07:05:26.091Z] 500 Error: Failed to fetch pipeline stats. Details: "Can't add new command when connection is in closed state"
[2026-08-06T07:05:26.120Z] 500 Error: Failed to fetch pipeline stats. Details: "Can't add new command when connection is in closed state"
[2026-08-06T07:05:26.144Z] 500 Error: Failed to fetch pipeline stats. Details: "Can't add new command when connection is in closed state"
[2026-08-06T07:05:26.168Z] 500 Error: Failed to fetch pipeline stats. Details: "Can't add new command when connection is in closed state"
[2026-08-06T07:05:26.190Z] 500 Error: Failed to fetch pipeline stats. Details: "Can't add new command when connection is in closed state"
[2026-08-06T07:05:26.212Z] 500 Error: Failed to fetch pipeline stats. Details: "Can't add new command when connection is in closed state"
[2026-08-06T07:05:26.235Z] 500 Error: Failed to fetch pipeline stats. Details: "Can't add new command when connection is in closed state"
[2026-08-06T07:05:26.260Z] 500 Error: Failed to fetch pipeline stats. Details: "Can't add new command when connection is in closed state"
[2026-08-06T07:05:26.288Z] 500 Error: Failed to fetch pipeline stats. Details: "Can't add new command when connection is in closed state"
[2026-08-06T07:05:26.319Z] 500 Error: Failed to fetch pipeline stats. Details: "Can't add new command when connection is in closed state"
[2026-08-06T07:05:26.343Z] 500 Error: Failed to fetch pipeline stats. Details: "Can't add new command when connection is in closed state"
[2026-08-06T07:05:26.366Z] 500 Error: Failed to fetch pipeline stats. Details: "Can't add new command when connection is in closed state"
[2026-08-06T07:05:26.387Z] 500 Error: Failed to fetch pipeline stats. Details: "Can't add new command when connection is in closed state"
[2026-08-06T07:05:26.411Z] 500 Error: Failed to fetch pipeline stats. Details: "Can't add new command when connection is in closed state"
[2026-08-06T07:05:26.437Z] 500 Error: Failed to fetch pipeline stats. Details: "Can't add new command when connection is in closed state"
[2026-08-06T07:05:26.461Z] 500 Error: Failed to fetch pipeline stats. Details: "Can't add new command when connection is in closed state"
[2026-08-06T07:05:26.491Z] 500 Error: Failed to fetch pipeline stats. Details: "Can't add new command when connection is in closed state"
[2026-08-06T07:05:26.523Z] 500 Error: Failed to fetch pipeline stats. Details: "Can't add new command when connection is in closed state"
[2026-08-06T07:05:26.551Z] 500 Error: Failed to fetch pipeline stats. Details: "Can't add new command when connection is in closed state"
[2026-08-06T07:05:26.578Z] 500 Error: Failed to fetch pipeline stats. Details: "Can't add new command when connection is in closed state"
[2026-08-06T07:05:26.600Z] 500 Error: Failed to fetch pipeline stats. Details: "Can't add new command when connection is in closed state"
[2026-08-06T07:05:26.624Z] 500 Error: Failed to fetch pipeline stats. Details: "Can't add new command when connection is in closed state"
[2026-08-06T07:05:26.654Z] 500 Error: Failed to fetch pipeline stats. Details: "Can't add new command when connection is in closed state"
[2026-08-06T07:05:26.677Z] 500 Error: Failed to fetch pipeline stats. Details: "Can't add new command when connection is in closed state"
[2026-08-06T07:05:26.703Z] 500 Error: Failed to fetch pipeline stats. Details: "Can't add new command when connection is in closed state"
[2026-08-06T07:05:26.727Z] 500 Error: Failed to fetch pipeline stats. Details: "Can't add new command when connection is in closed state"
[2026-08-06T07:05:26.757Z] 500 Error: Failed to fetch pipeline stats. Details: "Can't add new command when connection is in closed state"
[2026-08-06T07:05:26.790Z] 500 Error: Failed to fetch pipeline stats. Details: "Can't add new command when connection is in closed state"
[2026-08-06T07:05:26.828Z] 500 Error: Failed to fetch pipeline stats. Details: "Can't add new command when connection is in closed state"
[2026-08-06T07:05:26.855Z] 500 Error: Failed to fetch pipeline stats. Details: "Can't add new command when connection is in closed state"
[2026-08-06T07:05:26.883Z] 500 Error: Failed to fetch pipeline stats. Details: "Can't add new command when connection is in closed state"
[2026-08-06T07:05:26.906Z] 500 Error: Failed to fetch pipeline stats. Details: "Can't add new command when connection is in closed state"
[2026-08-06T07:05:26.935Z] 500 Error: Failed to fetch pipeline stats. Details: "Can't add new command when connection is in closed state"
[2026-08-06T07:05:26.972Z] 500 Error: Failed to fetch pipeline stats. Details: "Can't add new command when connection is in closed state"
[2026-08-06T07:05:26.999Z] 500 Error: Failed to fetch pipeline stats. Details: "Can't add new command when connection is in closed state"
[2026-08-06T07:05:27.021Z] 500 Error: Failed to fetch pipeline stats. Details: "Can't add new command when connection is in closed state"
[2026-08-06T07:05:27.041Z] 500 Error: Failed to fetch pipeline stats. Details: "Can't add new command when connection is in closed state"
[2026-08-06T07:05:27.063Z] 500 Error: Failed to fetch pipeline stats. Details: "Can't add new command when connection is in closed state"
[2026-08-06T07:05:27.085Z] 500 Error: Failed to fetch pipeline stats. Details: "Can't add new command when connection is in closed state"
[2026-08-06T07:05:27.107Z] 500 Error: Failed to fetch pipeline stats. Details: "Can't add new command when connection is in closed state"
[2026-08-06T07:05:27.134Z] 500 Error: Failed to fetch pipeline stats. Details: "Can't add new command when connection is in closed state"
[2026-08-06T07:05:27.155Z] 500 Error: Failed to fetch pipeline stats. Details: "Can't add new command when connection is in closed state"
[2026-08-06T07:05:27.179Z] 500 Error: Failed to fetch pipeline stats. Details: "Can't add new command when connection is in closed state"
[2026-08-06T07:05:27.201Z] 500 Error: Failed to fetch pipeline stats. Details: "Can't add new command when connection is in closed state"
[2026-08-06T07:05:27.221Z] 500 Error: Failed to fetch pipeline stats. Details: "Can't add new command when connection is in closed state"
[2026-08-06T07:05:27.241Z] 500 Error: Failed to fetch pipeline stats. Details: "Can't add new command when connection is in closed state"
[2026-08-06T07:05:27.264Z] 500 Error: Failed to fetch pipeline stats. Details: "Can't add new command when connection is in closed state"
[2026-08-06T07:05:27.284Z] 500 Error: Failed to fetch pipeline stats. Details: "Can't add new command when connection is in closed state"
[2026-08-06T07:05:27.303Z] 500 Error: Failed to fetch pipeline stats. Details: "Can't add new command when connection is in closed state"
[2026-08-06T07:05:27.323Z] 500 Error: Failed to fetch pipeline stats. Details: "Can't add new command when connection is in closed state"
[2026-08-06T07:05:27.346Z] 500 Error: Failed to fetch pipeline stats. Details: "Can't add new command when connection is in closed state"
[2026-08-06T07:05:27.368Z] 500 Error: Failed to fetch pipeline stats. Details: "Can't add new command when connection is in closed state"
[2026-08-06T07:05:27.395Z] 500 Error: Failed to fetch pipeline stats. Details: "Can't add new command when connection is in closed state"
[2026-08-06T07:05:27.437Z] 500 Error: Failed to fetch pipeline stats. Details: "Can't add new command when connection is in closed state"
[2026-08-06T07:05:27.464Z] 500 Error: Failed to fetch pipeline stats. Details: "Can't add new command when connection is in closed state"
[2026-08-06T07:05:27.502Z] 500 Error: Failed to fetch pipeline stats. Details: "Can't add new command when connection is in closed state"
[2026-08-06T07:05:27.529Z] 500 Error: Failed to fetch pipeline stats. Details: "Can't add new command when connection is in closed state"
[2026-08-06T07:05:27.572Z] 500 Error: Failed to fetch pipeline stats. Details: "Can't add new command when connection is in closed state"
[2026-08-06T07:05:27.603Z] 500 Error: Failed to fetch pipeline stats. Details: "Can't add new command when connection is in closed state"
[2026-08-06T07:05:27.628Z] 500 Error: Failed to fetch pipeline stats. Details: "Can't add new command when connection is in closed state"
[2026-08-06T07:05:27.656Z] 500 Error: Failed to fetch pipeline stats. Details: "Can't add new command when connection is in closed state"
[2026-08-06T07:05:27.680Z] 500 Error: Failed to fetch pipeline stats. Details: "Can't add new command when connection is in closed state"
[2026-08-06T07:05:27.704Z] 500 Error: Failed to fetch pipeline stats. Details: "Can't add new command when connection is in closed state"
[2026-08-06T07:05:27.725Z] 500 Error: Failed to fetch pipeline stats. Details: "Can't add new command when connection is in closed state"
[2026-08-06T07:05:27.754Z] 500 Error: Failed to fetch pipeline stats. Details: "Can't add new command when connection is in closed state"
[2026-08-06T07:05:27.783Z] 500 Error: Failed to fetch pipeline stats. Details: "Can't add new command when connection is in closed state"
[2026-08-06T07:05:27.811Z] 500 Error: Failed to fetch pipeline stats. Details: "Can't add new command when connection is in closed state"
[2026-08-06T07:05:27.833Z] 500 Error: Failed to fetch pipeline stats. Details: "Can't add new command when connection is in closed state"
[2026-08-06T07:05:27.854Z] 500 Error: Failed to fetch pipeline stats. Details: "Can't add new command when connection is in closed state"
[2026-08-06T07:05:27.883Z] 500 Error: Failed to fetch pipeline stats. Details: "Can't add new command when connection is in closed state"
[2026-08-06T07:05:27.911Z] 500 Error: Failed to fetch pipeline stats. Details: "Can't add new command when connection is in closed state"
[2026-08-06T07:05:27.937Z] 500 Error: Failed to fetch pipeline stats. Details: "Can't add new command when connection is in closed state"
[2026-08-06T07:05:27.960Z] 500 Error: Failed to fetch pipeline stats. Details: "Can't add new command when connection is in closed state"
[2026-08-06T07:05:27.982Z] 500 Error: Failed to fetch pipeline stats. Details: "Can't add new command when connection is in closed state"
[2026-08-06T07:05:28.006Z] 500 Error: Failed to fetch pipeline stats. Details: "Can't add new command when connection is in closed state"
[2026-08-06T07:05:28.028Z] 500 Error: Failed to fetch pipeline stats. Details: "Can't add new command when connection is in closed state"
[2026-08-06T07:05:28.050Z] 500 Error: Failed to fetch pipeline stats. Details: "Can't add new command when connection is in closed state"
[2026-08-06T07:05:28.070Z] 500 Error: Failed to fetch pipeline stats. Details: "Can't add new command when connection is in closed state"
[2026-08-06T07:05:28.095Z] 500 Error: Failed to fetch pipeline stats. Details: "Can't add new command when connection is in closed state"
[2026-08-06T07:05:28.118Z] 500 Error: Failed to fetch pipeline stats. Details: "Can't add new command when connection is in closed state"
[2026-08-06T07:05:28.140Z] 500 Error: Failed to fetch pipeline stats. Details: "Can't add new command when connection is in closed state"
[2026-08-06T07:05:28.165Z] 500 Error: Failed to fetch pipeline stats. Details: "Can't add new command when connection is in closed state"
[2026-08-06T07:05:28.189Z] 500 Error: Failed to fetch pipeline stats. Details: "Can't add new command when connection is in closed state"
[2026-08-06T07:05:28.210Z] 500 Error: Failed to fetch pipeline stats. Details: "Can't add new command when connection is in closed state"
[2026-08-06T07:05:28.235Z] 500 Error: Failed to fetch pipeline stats. Details: "Can't add new command when connection is in closed state"
[2026-08-06T07:05:28.255Z] 500 Error: Failed to fetch pipeline stats. Details: "Can't add new command when connection is in closed state"
[2026-08-06T07:05:28.275Z] 500 Error: Failed to fetch pipeline stats. Details: "Can't add new command when connection is in closed state"
[2026-08-06T07:05:28.300Z] 500 Error: Failed to fetch pipeline stats. Details: "Can't add new command when connection is in closed state"
[2026-08-06T07:05:28.321Z] 500 Error: Failed to fetch pipeline stats. Details: "Can't add new command when connection is in closed state"
[2026-08-06T07:05:28.345Z] 500 Error: Failed to fetch pipeline stats. Details: "Can't add new command when connection is in closed state"
[2026-08-06T07:05:28.371Z] 500 Error: Failed to fetch pipeline stats. Details: "Can't add new command when connection is in closed state"
[2026-08-06T07:05:28.393Z] 500 Error: Failed to fetch pipeline stats. Details: "Can't add new command when connection is in closed state"
[2026-08-06T07:05:28.417Z] 500 Error: Failed to fetch pipeline stats. Details: "Can't add new command when connection is in closed state"
[2026-08-06T07:05:28.439Z] 500 Error: Failed to fetch pipeline stats. Details: "Can't add new command when connection is in closed state"
[2026-08-06T07:05:28.462Z] 500 Error: Failed to fetch pipeline stats. Details: "Can't add new command when connection is in closed state"
[2026-08-06T07:05:28.484Z] 500 Error: Failed to fetch pipeline stats. Details: "Can't add new command when connection is in closed state"
[2026-08-06T07:05:28.535Z] 500 Error: Failed to fetch pipeline stats. Details: "Can't add new command when connection is in closed state"
[2026-08-06T07:05:28.540Z] 500 Error: Failed to fetch pipeline stats. Details: "Can't add new command when connection is in closed state"
[2026-08-06T07:05:28.550Z] 500 Error: Failed to fetch pipeline stats. Details: "Can't add new command when connection is in closed state"
[2026-08-06T07:05:28.571Z] 500 Error: Failed to fetch pipeline stats. Details: "Can't add new command when connection is in closed state"
[2026-08-06T07:05:28.590Z] 500 Error: Failed to fetch pipeline stats. Details: "Can't add new command when connection is in closed state"
[2026-08-06T07:05:28.613Z] 500 Error: Failed to fetch pipeline stats. Details: "Can't add new command when connection is in closed state"
[2026-08-06T07:05:28.634Z] 500 Error: Failed to fetch pipeline stats. Details: "Can't add new command when connection is in closed state"
[2026-08-06T07:05:28.654Z] 500 Error: Failed to fetch pipeline stats. Details: "Can't add new command when connection is in closed state"
[2026-08-06T07:05:28.674Z] 500 Error: Failed to fetch pipeline stats. Details: "Can't add new command when connection is in closed state"
[2026-08-06T07:05:28.700Z] 500 Error: Failed to fetch pipeline stats. Details: "Can't add new command when connection is in closed state"
[2026-08-06T07:05:28.722Z] 500 Error: Failed to fetch pipeline stats. Details: "Can't add new command when connection is in closed state"
[2026-08-06T07:05:28.744Z] 500 Error: Failed to fetch pipeline stats. Details: "Can't add new command when connection is in closed state"
[2026-08-06T07:05:28.765Z] 500 Error: Failed to fetch pipeline stats. Details: "Can't add new command when connection is in closed state"
[2026-08-06T07:05:28.792Z] 500 Error: Failed to fetch pipeline stats. Details: "Can't add new command when connection is in closed state"
[2026-08-06T07:05:28.815Z] 500 Error: Failed to fetch pipeline stats. Details: "Can't add new command when connection is in closed state"
[2026-08-06T07:05:28.836Z] 500 Error: Failed to fetch pipeline stats. Details: "Can't add new command when connection is in closed state"
[2026-08-06T07:05:28.855Z] 500 Error: Failed to fetch pipeline stats. Details: "Can't add new command when connection is in closed state"
[2026-08-06T07:05:28.878Z] 500 Error: Failed to fetch pipeline stats. Details: "Can't add new command when connection is in closed state"
[2026-08-06T07:05:28.904Z] 500 Error: Failed to fetch pipeline stats. Details: "Can't add new command when connection is in closed state"
[2026-08-06T07:05:28.923Z] 500 Error: Failed to fetch pipeline stats. Details: "Can't add new command when connection is in closed state"
[2026-08-06T07:05:28.949Z] 500 Error: Failed to fetch pipeline stats. Details: "Can't add new command when connection is in closed state"
[2026-08-06T07:05:28.970Z] 500 Error: Failed to fetch pipeline stats. Details: "Can't add new command when connection is in closed state"
[2026-08-06T07:05:28.992Z] 500 Error: Failed to fetch pipeline stats. Details: "Can't add new command when connection is in closed state"
[2026-08-06T07:05:29.017Z] 500 Error: Failed to fetch pipeline stats. Details: "Can't add new command when connection is in closed state"
[2026-08-06T07:05:29.038Z] 500 Error: Failed to fetch pipeline stats. Details: "Can't add new command when connection is in closed state"
[2026-08-06T07:05:29.060Z] 500 Error: Failed to fetch pipeline stats. Details: "Can't add new command when connection is in closed state"
[2026-08-06T07:05:29.085Z] 500 Error: Failed to fetch pipeline stats. Details: "Can't add new command when connection is in closed state"
[2026-08-06T07:05:29.104Z] 500 Error: Failed to fetch pipeline stats. Details: "Can't add new command when connection is in closed state"
[2026-08-06T07:05:29.124Z] 500 Error: Failed to fetch pipeline stats. Details: "Can't add new command when connection is in closed state"
[2026-08-06T07:05:29.150Z] 500 Error: Failed to fetch pipeline stats. Details: "Can't add new command when connection is in closed state"
[2026-08-06T07:05:29.169Z] 500 Error: Failed to fetch pipeline stats. Details: "Can't add new command when connection is in closed state"
[2026-08-06T07:05:29.190Z] 500 Error: Failed to fetch pipeline stats. Details: "Can't add new command when connection is in closed state"
[2026-08-06T07:05:29.209Z] 500 Error: Failed to fetch pipeline stats. Details: "Can't add new command when connection is in closed state"
[2026-08-06T07:05:29.234Z] 500 Error: Failed to fetch pipeline stats. Details: "Can't add new command when connection is in closed state"
[2026-08-06T07:05:29.255Z] 500 Error: Failed to fetch pipeline stats. Details: "Can't add new command when connection is in closed state"
[2026-08-06T07:05:29.275Z] 500 Error: Failed to fetch pipeline stats. Details: "Can't add new command when connection is in closed state"
[2026-08-06T07:05:29.297Z] 500 Error: Failed to fetch pipeline stats. Details: "Can't add new command when connection is in closed state"
[2026-08-06T07:05:29.318Z] 500 Error: Failed to fetch pipeline stats. Details: "Can't add new command when connection is in closed state"
[2026-08-06T07:05:29.337Z] 500 Error: Failed to fetch pipeline stats. Details: "Can't add new command when connection is in closed state"
[2026-08-06T07:05:29.361Z] 500 Error: Failed to fetch pipeline stats. Details: "Can't add new command when connection is in closed state"
[2026-08-06T07:05:29.397Z] 500 Error: Failed to fetch pipeline stats. Details: "Can't add new command when connection is in closed state"
[2026-08-06T07:05:29.419Z] 500 Error: Failed to fetch pipeline stats. Details: "Can't add new command when connection is in closed state"
[2026-08-06T07:05:29.446Z] 500 Error: Failed to fetch pipeline stats. Details: "Can't add new command when connection is in closed state"
[2026-08-06T07:05:29.480Z] 500 Error: Failed to fetch pipeline stats. Details: "Can't add new command when connection is in closed state"
[2026-08-06T07:05:29.507Z] 500 Error: Failed to fetch pipeline stats. Details: "Can't add new command when connection is in closed state"
[2026-08-06T07:05:29.538Z] 500 Error: Failed to fetch pipeline stats. Details: "Can't add new command when connection is in closed state"
[2026-08-06T07:05:29.570Z] 500 Error: Failed to fetch pipeline stats. Details: "Can't add new command when connection is in closed state"
[2026-08-06T07:05:29.607Z] 500 Error: Failed to fetch pipeline stats. Details: "Can't add new command when connection is in closed state"
[2026-08-06T07:05:29.664Z] 500 Error: Failed to fetch pipeline stats. Details: "Can't add new command when connection is in closed state"
[2026-08-06T07:05:29.692Z] 500 Error: Failed to fetch pipeline stats. Details: "Can't add new command when connection is in closed state"
[2026-08-06T07:05:29.722Z] 500 Error: Failed to fetch pipeline stats. Details: "Can't add new command when connection is in closed state"
[2026-08-06T07:05:29.768Z] 500 Error: Failed to fetch pipeline stats. Details: "Can't add new command when connection is in closed state"
[2026-08-06T07:05:29.813Z] 500 Error: Failed to fetch pipeline stats. Details: "Can't add new command when connection is in closed state"
[2026-08-06T07:05:29.856Z] 500 Error: Failed to fetch pipeline stats. Details: "Can't add new command when connection is in closed state"
[2026-08-06T07:05:29.899Z] 500 Error: Failed to fetch pipeline stats. Details: "Can't add new command when connection is in closed state"
[2026-08-06T07:05:29.932Z] 500 Error: Failed to fetch pipeline stats. Details: "Can't add new command when connection is in closed state"
[2026-08-06T07:05:29.961Z] 500 Error: Failed to fetch pipeline stats. Details: "Can't add new command when connection is in closed state"
[2026-08-06T07:05:29.988Z] 500 Error: Failed to fetch pipeline stats. Details: "Can't add new command when connection is in closed state"
[2026-08-06T07:05:30.018Z] 500 Error: Failed to fetch pipeline stats. Details: "Can't add new command when connection is in closed state"
[2026-08-06T07:05:30.052Z] 500 Error: Failed to fetch pipeline stats. Details: "Can't add new command when connection is in closed state"
[2026-08-06T07:05:30.087Z] 500 Error: Failed to fetch pipeline stats. Details: "Can't add new command when connection is in closed state"
[2026-08-06T07:05:30.129Z] 500 Error: Failed to fetch pipeline stats. Details: "Can't add new command when connection is in closed state"
[2026-08-06T07:05:30.163Z] 500 Error: Failed to fetch pipeline stats. Details: "Can't add new command when connection is in closed state"
[2026-08-06T07:05:30.201Z] 500 Error: Failed to fetch pipeline stats. Details: "Can't add new command when connection is in closed state"
[2026-08-06T07:05:30.247Z] 500 Error: Failed to fetch pipeline stats. Details: "Can't add new command when connection is in closed state"
[2026-08-06T07:05:30.282Z] 500 Error: Failed to fetch pipeline stats. Details: "Can't add new command when connection is in closed state"
[2026-08-06T07:05:30.313Z] 500 Error: Failed to fetch pipeline stats. Details: "Can't add new command when connection is in closed state"
[2026-08-06T07:05:30.344Z] 500 Error: Failed to fetch pipeline stats. Details: "Can't add new command when connection is in closed state"
[2026-08-06T07:05:30.379Z] 500 Error: Failed to fetch pipeline stats. Details: "Can't add new command when connection is in closed state"
[2026-08-06T07:05:30.415Z] 500 Error: Failed to fetch pipeline stats. Details: "Can't add new command when connection is in closed state"
[2026-08-06T07:05:30.450Z] 500 Error: Failed to fetch pipeline stats. Details: "Can't add new command when connection is in closed state"
[2026-08-06T07:05:30.486Z] 500 Error: Failed to fetch pipeline stats. Details: "Can't add new command when connection is in closed state"
[2026-08-06T07:05:30.514Z] 500 Error: Failed to fetch pipeline stats. Details: "Can't add new command when connection is in closed state"
[2026-08-06T07:05:30.543Z] 500 Error: Failed to fetch pipeline stats. Details: "Can't add new command when connection is in closed state"
[2026-08-06T07:05:30.582Z] 500 Error: Failed to fetch pipeline stats. Details: "Can't add new command when connection is in closed state"
[2026-08-06T07:05:30.645Z] 500 Error: Failed to fetch pipeline stats. Details: "Can't add new command when connection is in closed state"
[2026-08-06T07:05:30.692Z] 500 Error: Failed to fetch pipeline stats. Details: "Can't add new command when connection is in closed state"
[2026-08-06T07:05:30.732Z] 500 Error: Failed to fetch pipeline stats. Details: "Can't add new command when connection is in closed state"
[2026-08-06T07:05:30.766Z] 500 Error: Failed to fetch pipeline stats. Details: "Can't add new command when connection is in closed state"
[2026-08-06T07:05:30.804Z] 500 Error: Failed to fetch pipeline stats. Details: "Can't add new command when connection is in closed state"
[2026-08-06T07:05:30.843Z] 500 Error: Failed to fetch pipeline stats. Details: "Can't add new command when connection is in closed state"
[2026-08-06T07:05:30.877Z] 500 Error: Failed to fetch pipeline stats. Details: "Can't add new command when connection is in closed state"
[2026-08-06T07:05:30.921Z] 500 Error: Failed to fetch pipeline stats. Details: "Can't add new command when connection is in closed state"
[2026-08-06T07:05:30.963Z] 500 Error: Failed to fetch pipeline stats. Details: "Can't add new command when connection is in closed state"
[2026-08-06T07:05:30.991Z] 500 Error: Failed to fetch pipeline stats. Details: "Can't add new command when connection is in closed state"
[2026-08-06T07:05:31.024Z] 500 Error: Failed to fetch pipeline stats. Details: "Can't add new command when connection is in closed state"
[2026-08-06T07:05:31.060Z] 500 Error: Failed to fetch pipeline stats. Details: "Can't add new command when connection is in closed state"
[2026-08-06T07:05:31.086Z] 500 Error: Failed to fetch pipeline stats. Details: "Can't add new command when connection is in closed state"
[2026-08-06T07:05:31.117Z] 500 Error: Failed to fetch pipeline stats. Details: "Can't add new command when connection is in closed state"
[2026-08-06T07:05:31.143Z] 500 Error: Failed to fetch pipeline stats. Details: "Can't add new command when connection is in closed state"
[2026-08-06T07:05:31.170Z] 500 Error: Failed to fetch pipeline stats. Details: "Can't add new command when connection is in closed state"
[2026-08-06T07:05:31.195Z] 500 Error: Failed to fetch pipeline stats. Details: "Can't add new command when connection is in closed state"
[2026-08-06T07:05:31.222Z] 500 Error: Failed to fetch pipeline stats. Details: "Can't add new command when connection is in closed state"
[2026-08-06T07:05:31.252Z] 500 Error: Failed to fetch pipeline stats. Details: "Can't add new command when connection is in closed state"
[2026-08-06T07:05:31.281Z] 500 Error: Failed to fetch pipeline stats. Details: "Can't add new command when connection is in closed state"
[2026-08-06T07:05:31.304Z] 500 Error: Failed to fetch pipeline stats. Details: "Can't add new command when connection is in closed state"
[2026-08-06T07:05:31.335Z] 500 Error: Failed to fetch pipeline stats. Details: "Can't add new command when connection is in closed state"
[2026-08-06T07:05:31.360Z] 500 Error: Failed to fetch pipeline stats. Details: "Can't add new command when connection is in closed state"
[2026-08-06T07:05:31.388Z] 500 Error: Failed to fetch pipeline stats. Details: "Can't add new command when connection is in closed state"
[2026-08-06T07:05:31.417Z] 500 Error: Failed to fetch pipeline stats. Details: "Can't add new command when connection is in closed state"
[2026-08-06T07:05:31.439Z] 500 Error: Failed to fetch pipeline stats. Details: "Can't add new command when connection is in closed state"
[2026-08-06T07:05:31.464Z] 500 Error: Failed to fetch pipeline stats. Details: "Can't add new command when connection is in closed state"
[2026-08-06T07:05:31.484Z] 500 Error: Failed to fetch pipeline stats. Details: "Can't add new command when connection is in closed state"
[2026-08-06T07:05:31.513Z] 500 Error: Failed to fetch pipeline stats. Details: "Can't add new command when connection is in closed state"
[2026-08-06T07:05:31.539Z] 500 Error: Failed to fetch pipeline stats. Details: "Can't add new command when connection is in closed state"
[2026-08-06T07:05:31.584Z] 500 Error: Failed to fetch pipeline stats. Details: "Can't add new command when connection is in closed state"
[2026-08-06T07:05:31.632Z] 500 Error: Failed to fetch pipeline stats. Details: "Can't add new command when connection is in closed state"
[2026-08-06T07:05:31.659Z] 500 Error: Failed to fetch pipeline stats. Details: "Can't add new command when connection is in closed state"
[2026-08-06T07:05:31.689Z] 500 Error: Failed to fetch pipeline stats. Details: "Can't add new command when connection is in closed state"
[2026-08-06T07:05:31.719Z] 500 Error: Failed to fetch pipeline stats. Details: "Can't add new command when connection is in closed state"
[2026-08-06T07:05:31.754Z] 500 Error: Failed to fetch pipeline stats. Details: "Can't add new command when connection is in closed state"
[2026-08-06T07:05:31.786Z] 500 Error: Failed to fetch pipeline stats. Details: "Can't add new command when connection is in closed state"
[2026-08-06T07:05:31.814Z] 500 Error: Failed to fetch pipeline stats. Details: "Can't add new command when connection is in closed state"
[2026-08-06T07:05:31.846Z] 500 Error: Failed to fetch pipeline stats. Details: "Can't add new command when connection is in closed state"
[2026-08-06T07:05:31.880Z] 500 Error: Failed to fetch pipeline stats. Details: "Can't add new command when connection is in closed state"
[2026-08-06T07:05:31.905Z] 500 Error: Failed to fetch pipeline stats. Details: "Can't add new command when connection is in closed state"
[2026-08-06T07:05:31.937Z] 500 Error: Failed to fetch pipeline stats. Details: "Can't add new command when connection is in closed state"
[2026-08-06T07:05:31.962Z] 500 Error: Failed to fetch pipeline stats. Details: "Can't add new command when connection is in closed state"
[2026-08-06T07:05:31.988Z] 500 Error: Failed to fetch pipeline stats. Details: "Can't add new command when connection is in closed state"
[2026-08-06T07:05:32.024Z] 500 Error: Failed to fetch pipeline stats. Details: "Can't add new command when connection is in closed state"
[2026-08-06T07:05:32.067Z] 500 Error: Failed to fetch pipeline stats. Details: "Can't add new command when connection is in closed state"
[2026-08-06T07:05:32.106Z] 500 Error: Failed to fetch pipeline stats. Details: "Can't add new command when connection is in closed state"
[2026-08-06T07:05:32.139Z] 500 Error: Failed to fetch pipeline stats. Details: "Can't add new command when connection is in closed state"
[2026-08-06T07:05:32.173Z] 500 Error: Failed to fetch pipeline stats. Details: "Can't add new command when connection is in closed state"
[2026-08-06T07:05:32.210Z] 500 Error: Failed to fetch pipeline stats. Details: "Can't add new command when connection is in closed state"
[2026-08-06T07:05:32.244Z] 500 Error: Failed to fetch pipeline stats. Details: "Can't add new command when connection is in closed state"
[2026-08-06T07:05:32.293Z] 500 Error: Failed to fetch pipeline stats. Details: "Can't add new command when connection is in closed state"
[2026-08-06T07:05:32.325Z] 500 Error: Failed to fetch pipeline stats. Details: "Can't add new command when connection is in closed state"
[2026-08-06T07:05:32.360Z] 500 Error: Failed to fetch pipeline stats. Details: "Can't add new command when connection is in closed state"
[2026-08-06T07:05:32.395Z] 500 Error: Failed to fetch pipeline stats. Details: "Can't add new command when connection is in closed state"
[2026-08-06T07:05:32.425Z] 500 Error: Failed to fetch pipeline stats. Details: "Can't add new command when connection is in closed state"
[2026-08-06T07:05:32.456Z] 500 Error: Failed to fetch pipeline stats. Details: "Can't add new command when connection is in closed state"
[2026-08-06T07:05:32.488Z] 500 Error: Failed to fetch pipeline stats. Details: "Can't add new command when connection is in closed state"
[2026-08-06T07:05:32.518Z] 500 Error: Failed to fetch pipeline stats. Details: "Can't add new command when connection is in closed state"
[2026-08-06T07:05:32.550Z] 500 Error: Failed to fetch pipeline stats. Details: "Can't add new command when connection is in closed state"
[2026-08-06T07:05:32.585Z] 500 Error: Failed to fetch pipeline stats. Details: "Can't add new command when connection is in closed state"
[2026-08-06T07:05:32.618Z] 500 Error: Failed to fetch pipeline stats. Details: "Can't add new command when connection is in closed state"
[2026-08-06T07:05:32.634Z] 500 Error: Failed to fetch pipeline stats. Details: "Can't add new command when connection is in closed state"
[2026-08-06T07:05:32.655Z] 500 Error: Failed to fetch pipeline stats. Details: "Can't add new command when connection is in closed state"
[2026-08-06T07:05:32.680Z] 500 Error: Failed to fetch pipeline stats. Details: "Can't add new command when connection is in closed state"
[2026-08-06T07:05:32.705Z] 500 Error: Failed to fetch pipeline stats. Details: "Can't add new command when connection is in closed state"
[2026-08-06T07:05:32.730Z] 500 Error: Failed to fetch pipeline stats. Details: "Can't add new command when connection is in closed state"
[2026-08-06T07:05:32.750Z] 500 Error: Failed to fetch pipeline stats. Details: "Can't add new command when connection is in closed state"
[2026-08-06T07:05:32.772Z] 500 Error: Failed to fetch pipeline stats. Details: "Can't add new command when connection is in closed state"
[2026-08-06T07:05:32.803Z] 500 Error: Failed to fetch pipeline stats. Details: "Can't add new command when connection is in closed state"
[2026-08-06T07:05:32.831Z] 500 Error: Failed to fetch pipeline stats. Details: "Can't add new command when connection is in closed state"
[2026-08-06T07:05:32.855Z] 500 Error: Failed to fetch pipeline stats. Details: "Can't add new command when connection is in closed state"
[2026-08-06T07:05:32.882Z] 500 Error: Failed to fetch pipeline stats. Details: "Can't add new command when connection is in closed state"
[2026-08-06T07:05:32.904Z] 500 Error: Failed to fetch pipeline stats. Details: "Can't add new command when connection is in closed state"
[2026-08-06T07:05:32.925Z] 500 Error: Failed to fetch pipeline stats. Details: "Can't add new command when connection is in closed state"
[2026-08-06T07:05:32.950Z] 500 Error: Failed to fetch pipeline stats. Details: "Can't add new command when connection is in closed state"
[2026-08-06T07:05:32.976Z] 500 Error: Failed to fetch pipeline stats. Details: "Can't add new command when connection is in closed state"
[2026-08-06T07:05:32.998Z] 500 Error: Failed to fetch pipeline stats. Details: "Can't add new command when connection is in closed state"
[2026-08-06T07:05:33.020Z] 500 Error: Failed to fetch pipeline stats. Details: "Can't add new command when connection is in closed state"
[2026-08-06T07:05:33.042Z] 500 Error: Failed to fetch pipeline stats. Details: "Can't add new command when connection is in closed state"
[2026-08-06T07:05:33.065Z] 500 Error: Failed to fetch pipeline stats. Details: "Can't add new command when connection is in closed state"
[2026-08-06T07:05:33.086Z] 500 Error: Failed to fetch pipeline stats. Details: "Can't add new command when connection is in closed state"
[2026-08-06T07:05:33.111Z] 500 Error: Failed to fetch pipeline stats. Details: "Can't add new command when connection is in closed state"
[2026-08-06T07:05:33.130Z] 500 Error: Failed to fetch pipeline stats. Details: "Can't add new command when connection is in closed state"
[2026-08-06T07:05:33.151Z] 500 Error: Failed to fetch pipeline stats. Details: "Can't add new command when connection is in closed state"
[2026-08-06T07:05:33.172Z] 500 Error: Failed to fetch pipeline stats. Details: "Can't add new command when connection is in closed state"
[2026-08-06T07:05:33.192Z] 500 Error: Failed to fetch pipeline stats. Details: "Can't add new command when connection is in closed state"
[2026-08-06T07:05:33.216Z] 500 Error: Failed to fetch pipeline stats. Details: "Can't add new command when connection is in closed state"
[2026-08-06T07:05:33.235Z] 500 Error: Failed to fetch pipeline stats. Details: "Can't add new command when connection is in closed state"
[2026-08-06T07:05:33.256Z] 500 Error: Failed to fetch pipeline stats. Details: "Can't add new command when connection is in closed state"
[2026-08-06T07:05:33.281Z] 500 Error: Failed to fetch pipeline stats. Details: "Can't add new command when connection is in closed state"
[2026-08-06T07:05:33.310Z] 500 Error: Failed to fetch pipeline stats. Details: "Can't add new command when connection is in closed state"
[2026-08-06T07:05:33.336Z] 500 Error: Failed to fetch pipeline stats. Details: "Can't add new command when connection is in closed state"
[2026-08-06T07:05:33.384Z] 500 Error: Failed to fetch pipeline stats. Details: "Can't add new command when connection is in closed state"
[2026-08-06T07:05:33.422Z] 500 Error: Failed to fetch pipeline stats. Details: "Can't add new command when connection is in closed state"
[2026-08-06T07:05:33.462Z] 500 Error: Failed to fetch pipeline stats. Details: "Can't add new command when connection is in closed state"
[2026-08-06T07:05:33.494Z] 500 Error: Failed to fetch pipeline stats. Details: "Can't add new command when connection is in closed state"
[2026-08-06T07:05:33.524Z] 500 Error: Failed to fetch pipeline stats. Details: "Can't add new command when connection is in closed state"
[2026-08-06T07:05:33.553Z] 500 Error: Failed to fetch pipeline stats. Details: "Can't add new command when connection is in closed state"
[2026-08-06T07:05:33.579Z] 500 Error: Failed to fetch pipeline stats. Details: "Can't add new command when connection is in closed state"
[2026-08-06T07:05:33.617Z] 500 Error: Failed to fetch pipeline stats. Details: "Can't add new command when connection is in closed state"
[2026-08-06T07:05:33.647Z] 500 Error: Failed to fetch pipeline stats. Details: "Can't add new command when connection is in closed state"
[2026-08-06T07:05:33.673Z] 500 Error: Failed to fetch pipeline stats. Details: "Can't add new command when connection is in closed state"
[2026-08-06T07:05:33.705Z] 500 Error: Failed to fetch pipeline stats. Details: "Can't add new command when connection is in closed state"
[2026-08-06T07:05:33.737Z] 500 Error: Failed to fetch pipeline stats. Details: "Can't add new command when connection is in closed state"
[2026-08-06T07:05:33.769Z] 500 Error: Failed to fetch pipeline stats. Details: "Can't add new command when connection is in closed state"
[2026-08-06T07:05:33.803Z] 500 Error: Failed to fetch pipeline stats. Details: "Can't add new command when connection is in closed state"
[2026-08-06T07:05:33.843Z] 500 Error: Failed to fetch pipeline stats. Details: "Can't add new command when connection is in closed state"
[2026-08-06T07:05:33.872Z] 500 Error: Failed to fetch pipeline stats. Details: "Can't add new command when connection is in closed state"
[2026-08-06T07:05:33.908Z] 500 Error: Failed to fetch pipeline stats. Details: "Can't add new command when connection is in closed state"
[2026-08-06T07:05:33.952Z] 500 Error: Failed to fetch pipeline stats. Details: "Can't add new command when connection is in closed state"
[2026-08-06T07:05:33.987Z] 500 Error: Failed to fetch pipeline stats. Details: "Can't add new command when connection is in closed state"
[2026-08-06T07:05:34.022Z] 500 Error: Failed to fetch pipeline stats. Details: "Can't add new command when connection is in closed state"
[2026-08-06T07:05:34.060Z] 500 Error: Failed to fetch pipeline stats. Details: "Can't add new command when connection is in closed state"
[2026-08-06T07:05:34.104Z] 500 Error: Failed to fetch pipeline stats. Details: "Can't add new command when connection is in closed state"
[2026-08-06T07:05:34.136Z] 500 Error: Failed to fetch pipeline stats. Details: "Can't add new command when connection is in closed state"
[2026-08-06T07:05:34.163Z] 500 Error: Failed to fetch pipeline stats. Details: "Can't add new command when connection is in closed state"
[2026-08-06T07:05:34.197Z] 500 Error: Failed to fetch pipeline stats. Details: "Can't add new command when connection is in closed state"
[2026-08-06T07:05:34.226Z] 500 Error: Failed to fetch pipeline stats. Details: "Can't add new command when connection is in closed state"
[2026-08-06T07:05:34.287Z] 500 Error: Failed to fetch pipeline stats. Details: "Can't add new command when connection is in closed state"
[2026-08-06T07:05:34.351Z] 500 Error: Failed to fetch pipeline stats. Details: "Can't add new command when connection is in closed state"
[2026-08-06T07:05:34.526Z] 500 Error: Failed to fetch pipeline stats. Details: "Can't add new command when connection is in closed state"
[2026-08-06T07:05:34.569Z] 500 Error: Failed to fetch pipeline stats. Details: "Can't add new command when connection is in closed state"
[2026-08-06T07:05:34.683Z] 500 Error: Failed to fetch pipeline stats. Details: "Can't add new command when connection is in closed state"
[2026-08-06T07:05:34.770Z] 500 Error: Failed to fetch pipeline stats. Details: "Can't add new command when connection is in closed state"
[2026-08-06T07:05:34.851Z] 500 Error: Failed to fetch pipeline stats. Details: "Can't add new command when connection is in closed state"
[2026-08-06T07:05:34.914Z] 500 Error: Failed to fetch pipeline stats. Details: "Can't add new command when connection is in closed state"
[2026-08-06T07:05:34.964Z] 500 Error: Failed to fetch pipeline stats. Details: "Can't add new command when connection is in closed state"
[2026-08-06T07:05:35.019Z] 500 Error: Failed to fetch pipeline stats. Details: "Can't add new command when connection is in closed state"
[2026-08-06T07:05:35.059Z] 500 Error: Failed to fetch pipeline stats. Details: "Can't add new command when connection is in closed state"
[2026-08-06T07:05:35.103Z] 500 Error: Failed to fetch pipeline stats. Details: "Can't add new command when connection is in closed state"
[2026-08-06T07:05:35.141Z] 500 Error: Failed to fetch pipeline stats. Details: "Can't add new command when connection is in closed state"
[2026-08-06T07:05:35.194Z] 500 Error: Failed to fetch pipeline stats. Details: "Can't add new command when connection is in closed state"
[2026-08-06T07:05:35.243Z] 500 Error: Failed to fetch pipeline stats. Details: "Can't add new command when connection is in closed state"
[2026-08-06T07:05:35.273Z] 500 Error: Failed to fetch pipeline stats. Details: "Can't add new command when connection is in closed state"
[2026-08-06T07:05:35.323Z] 500 Error: Failed to fetch pipeline stats. Details: "Can't add new command when connection is in closed state"
[2026-08-06T07:05:35.381Z] 500 Error: Failed to fetch pipeline stats. Details: "Can't add new command when connection is in closed state"
[2026-08-06T07:05:35.428Z] 500 Error: Failed to fetch pipeline stats. Details: "Can't add new command when connection is in closed state"
[2026-08-06T07:05:35.497Z] 500 Error: Failed to fetch pipeline stats. Details: "Can't add new command when connection is in closed state"
[2026-08-06T07:05:35.558Z] 500 Error: Failed to fetch pipeline stats. Details: "Can't add new command when connection is in closed state"
[2026-08-06T07:05:35.610Z] 500 Error: Failed to fetch pipeline stats. Details: "Can't add new command when connection is in closed state"
[2026-08-06T07:05:35.672Z] 500 Error: Failed to fetch pipeline stats. Details: "Can't add new command when connection is in closed state"
[2026-08-06T07:05:35.736Z] 500 Error: Failed to fetch pipeline stats. Details: "Can't add new command when connection is in closed state"
[2026-08-06T07:05:35.800Z] 500 Error: Failed to fetch pipeline stats. Details: "Can't add new command when connection is in closed state"
[2026-08-06T07:05:35.860Z] 500 Error: Failed to fetch pipeline stats. Details: "Can't add new command when connection is in closed state"
[2026-08-06T07:05:35.950Z] 500 Error: Failed to fetch pipeline stats. Details: "Can't add new command when connection is in closed state"
[2026-08-06T07:05:35.984Z] 500 Error: Failed to fetch pipeline stats. Details: "Can't add new command when connection is in closed state"
[2026-08-06T07:05:36.021Z] 500 Error: Failed to fetch pipeline stats. Details: "Can't add new command when connection is in closed state"
[2026-08-06T07:05:36.057Z] 500 Error: Failed to fetch pipeline stats. Details: "Can't add new command when connection is in closed state"
[2026-08-06T07:05:36.083Z] 500 Error: Failed to fetch pipeline stats. Details: "Can't add new command when connection is in closed state"
[2026-08-06T07:05:36.121Z] 500 Error: Failed to fetch pipeline stats. Details: "Can't add new command when connection is in closed state"
[2026-08-06T07:05:36.148Z] 500 Error: Failed to fetch pipeline stats. Details: "Can't add new command when connection is in closed state"
[2026-08-06T07:05:36.174Z] 500 Error: Failed to fetch pipeline stats. Details: "Can't add new command when connection is in closed state"
[2026-08-06T07:05:36.205Z] 500 Error: Failed to fetch pipeline stats. Details: "Can't add new command when connection is in closed state"
[2026-08-06T07:05:36.238Z] 500 Error: Failed to fetch pipeline stats. Details: "Can't add new command when connection is in closed state"
[2026-08-06T07:05:36.263Z] 500 Error: Failed to fetch pipeline stats. Details: "Can't add new command when connection is in closed state"
[2026-08-06T07:05:36.294Z] 500 Error: Failed to fetch pipeline stats. Details: "Can't add new command when connection is in closed state"
[2026-08-06T07:05:36.322Z] 500 Error: Failed to fetch pipeline stats. Details: "Can't add new command when connection is in closed state"
[2026-08-06T07:05:36.361Z] 500 Error: Failed to fetch pipeline stats. Details: "Can't add new command when connection is in closed state"
[2026-08-06T07:05:36.393Z] 500 Error: Failed to fetch pipeline stats. Details: "Can't add new command when connection is in closed state"
[2026-08-06T07:05:36.432Z] 500 Error: Failed to fetch pipeline stats. Details: "Can't add new command when connection is in closed state"
[2026-08-06T07:05:36.468Z] 500 Error: Failed to fetch pipeline stats. Details: "Can't add new command when connection is in closed state"
[2026-08-06T07:05:36.509Z] 500 Error: Failed to fetch pipeline stats. Details: "Can't add new command when connection is in closed state"
[2026-08-06T07:05:36.551Z] 500 Error: Failed to fetch pipeline stats. Details: "Can't add new command when connection is in closed state"
[2026-08-06T07:05:36.615Z] 500 Error: Failed to fetch pipeline stats. Details: "Can't add new command when connection is in closed state"
[2026-08-06T07:05:36.707Z] 500 Error: Failed to fetch pipeline stats. Details: "Can't add new command when connection is in closed state"
[2026-08-06T07:05:36.750Z] 500 Error: Failed to fetch pipeline stats. Details: "Can't add new command when connection is in closed state"
[2026-08-06T07:05:36.777Z] 500 Error: Failed to fetch pipeline stats. Details: "Can't add new command when connection is in closed state"
[2026-08-06T07:05:36.800Z] 500 Error: Failed to fetch pipeline stats. Details: "Can't add new command when connection is in closed state"
[2026-08-06T07:05:36.820Z] 500 Error: Failed to fetch pipeline stats. Details: "Can't add new command when connection is in closed state"
[2026-08-06T07:05:36.838Z] 500 Error: Failed to fetch pipeline stats. Details: "Can't add new command when connection is in closed state"
[2026-08-06T07:05:36.864Z] 500 Error: Failed to fetch pipeline stats. Details: "Can't add new command when connection is in closed state"
[2026-08-06T07:05:36.882Z] 500 Error: Failed to fetch pipeline stats. Details: "Can't add new command when connection is in closed state"
[2026-08-06T07:05:36.900Z] 500 Error: Failed to fetch pipeline stats. Details: "Can't add new command when connection is in closed state"
[2026-08-06T07:05:36.916Z] 500 Error: Failed to fetch pipeline stats. Details: "Can't add new command when connection is in closed state"
[2026-08-06T07:05:36.934Z] 500 Error: Failed to fetch pipeline stats. Details: "Can't add new command when connection is in closed state"
[2026-08-06T07:05:36.954Z] 500 Error: Failed to fetch pipeline stats. Details: "Can't add new command when connection is in closed state"
[2026-08-06T07:05:36.977Z] 500 Error: Failed to fetch pipeline stats. Details: "Can't add new command when connection is in closed state"
[2026-08-06T07:05:36.997Z] 500 Error: Failed to fetch pipeline stats. Details: "Can't add new command when connection is in closed state"
[2026-08-06T07:05:37.013Z] 500 Error: Failed to fetch pipeline stats. Details: "Can't add new command when connection is in closed state"
[2026-08-06T07:05:37.032Z] 500 Error: Failed to fetch pipeline stats. Details: "Can't add new command when connection is in closed state"
[2026-08-06T07:05:37.048Z] 500 Error: Failed to fetch pipeline stats. Details: "Can't add new command when connection is in closed state"
[2026-08-06T07:05:37.068Z] 500 Error: Failed to fetch pipeline stats. Details: "Can't add new command when connection is in closed state"
[2026-08-06T07:05:37.083Z] 500 Error: Failed to fetch pipeline stats. Details: "Can't add new command when connection is in closed state"
[2026-08-06T07:05:37.100Z] 500 Error: Failed to fetch pipeline stats. Details: "Can't add new command when connection is in closed state"
[2026-08-06T07:05:37.110Z] 500 Error: Failed to fetch pipeline stats. Details: "Can't add new command when connection is in closed state"
[2026-08-06T07:05:37.126Z] 500 Error: Failed to fetch pipeline stats. Details: "Can't add new command when connection is in closed state"
[2026-08-06T07:05:37.173Z] 500 Error: Failed to fetch pipeline stats. Details: "Can't add new command when connection is in closed state"
[2026-08-06T07:05:37.204Z] 500 Error: Failed to fetch pipeline stats. Details: "Can't add new command when connection is in closed state"
[2026-08-06T07:05:37.265Z] 500 Error: Failed to fetch pipeline stats. Details: "Can't add new command when connection is in closed state"
[2026-08-06T07:05:37.346Z] 500 Error: Failed to fetch pipeline stats. Details: "Can't add new command when connection is in closed state"
[2026-08-06T07:05:37.399Z] 500 Error: Failed to fetch pipeline stats. Details: "Can't add new command when connection is in closed state"
[2026-08-06T07:05:37.439Z] 500 Error: Failed to fetch pipeline stats. Details: "Can't add new command when connection is in closed state"
[2026-08-06T07:05:37.500Z] 500 Error: Failed to fetch pipeline stats. Details: "Can't add new command when connection is in closed state"
[2026-08-06T07:05:37.556Z] 500 Error: Failed to fetch pipeline stats. Details: "Can't add new command when connection is in closed state"
[2026-08-06T07:05:37.595Z] 500 Error: Failed to fetch pipeline stats. Details: "Can't add new command when connection is in closed state"
[2026-08-06T07:05:37.644Z] 500 Error: Failed to fetch pipeline stats. Details: "Can't add new command when connection is in closed state"
[2026-08-06T07:05:37.699Z] 500 Error: Failed to fetch pipeline stats. Details: "Can't add new command when connection is in closed state"
[2026-08-06T07:05:37.752Z] 500 Error: Failed to fetch pipeline stats. Details: "Can't add new command when connection is in closed state"
[2026-08-06T07:05:37.801Z] 500 Error: Failed to fetch pipeline stats. Details: "Can't add new command when connection is in closed state"
[2026-08-06T07:05:37.852Z] 500 Error: Failed to fetch pipeline stats. Details: "Can't add new command when connection is in closed state"
[2026-08-06T07:05:37.881Z] 500 Error: Failed to fetch pipeline stats. Details: "Can't add new command when connection is in closed state"
[2026-08-06T07:05:37.933Z] 500 Error: Failed to fetch pipeline stats. Details: "Can't add new command when connection is in closed state"
[2026-08-06T07:05:37.978Z] 500 Error: Failed to fetch pipeline stats. Details: "Can't add new command when connection is in closed state"
[2026-08-06T07:05:38.024Z] 500 Error: Failed to fetch pipeline stats. Details: "Can't add new command when connection is in closed state"
[2026-08-06T07:05:38.064Z] 500 Error: Failed to fetch pipeline stats. Details: "Can't add new command when connection is in closed state"
[2026-08-06T07:05:38.107Z] 500 Error: Failed to fetch pipeline stats. Details: "Can't add new command when connection is in closed state"
[2026-08-06T07:05:38.155Z] 500 Error: Failed to fetch pipeline stats. Details: "Can't add new command when connection is in closed state"
[2026-08-06T07:05:38.189Z] 500 Error: Failed to fetch pipeline stats. Details: "Can't add new command when connection is in closed state"
[2026-08-06T07:05:38.240Z] 500 Error: Failed to fetch pipeline stats. Details: "Can't add new command when connection is in closed state"
[2026-08-06T07:05:38.293Z] 500 Error: Failed to fetch pipeline stats. Details: "Can't add new command when connection is in closed state"
[2026-08-06T07:05:38.341Z] 500 Error: Failed to fetch pipeline stats. Details: "Can't add new command when connection is in closed state"
[2026-08-06T07:05:38.389Z] 500 Error: Failed to fetch pipeline stats. Details: "Can't add new command when connection is in closed state"
[2026-08-06T07:05:38.444Z] 500 Error: Failed to fetch pipeline stats. Details: "Can't add new command when connection is in closed state"
[2026-08-06T07:05:38.501Z] 500 Error: Failed to fetch pipeline stats. Details: "Can't add new command when connection is in closed state"
[2026-08-06T07:05:38.598Z] 500 Error: Failed to fetch pipeline stats. Details: "Can't add new command when connection is in closed state"
[2026-08-06T07:05:38.641Z] 500 Error: Failed to fetch pipeline stats. Details: "Can't add new command when connection is in closed state"
[2026-08-06T07:05:38.683Z] 500 Error: Failed to fetch pipeline stats. Details: "Can't add new command when connection is in closed state"
[2026-08-06T07:05:38.732Z] 500 Error: Failed to fetch pipeline stats. Details: "Can't add new command when connection is in closed state"
[2026-08-06T07:05:38.773Z] 500 Error: Failed to fetch pipeline stats. Details: "Can't add new command when connection is in closed state"
[2026-08-06T07:05:38.811Z] 500 Error: Failed to fetch pipeline stats. Details: "Can't add new command when connection is in closed state"
[2026-08-06T07:05:38.842Z] 500 Error: Failed to fetch pipeline stats. Details: "Can't add new command when connection is in closed state"
[2026-08-06T07:05:38.878Z] 500 Error: Failed to fetch pipeline stats. Details: "Can't add new command when connection is in closed state"
[2026-08-06T07:05:38.918Z] 500 Error: Failed to fetch pipeline stats. Details: "Can't add new command when connection is in closed state"
[2026-08-06T07:05:38.956Z] 500 Error: Failed to fetch pipeline stats. Details: "Can't add new command when connection is in closed state"
[2026-08-06T07:05:39.000Z] 500 Error: Failed to fetch pipeline stats. Details: "Can't add new command when connection is in closed state"
[2026-08-06T07:05:39.032Z] 500 Error: Failed to fetch pipeline stats. Details: "Can't add new command when connection is in closed state"
[2026-08-06T07:05:39.065Z] 500 Error: Failed to fetch pipeline stats. Details: "Can't add new command when connection is in closed state"
[2026-08-06T07:05:39.096Z] 500 Error: Failed to fetch pipeline stats. Details: "Can't add new command when connection is in closed state"
[2026-08-06T07:05:39.135Z] 500 Error: Failed to fetch pipeline stats. Details: "Can't add new command when connection is in closed state"
[2026-08-06T07:05:39.178Z] 500 Error: Failed to fetch pipeline stats. Details: "Can't add new command when connection is in closed state"
[2026-08-06T07:05:39.212Z] 500 Error: Failed to fetch pipeline stats. Details: "Can't add new command when connection is in closed state"
[2026-08-06T07:05:39.252Z] 500 Error: Failed to fetch pipeline stats. Details: "Can't add new command when connection is in closed state"
[2026-08-06T07:05:39.288Z] 500 Error: Failed to fetch pipeline stats. Details: "Can't add new command when connection is in closed state"
[2026-08-06T07:05:39.322Z] 500 Error: Failed to fetch pipeline stats. Details: "Can't add new command when connection is in closed state"
[2026-08-06T07:05:39.383Z] 500 Error: Failed to fetch pipeline stats. Details: "Can't add new command when connection is in closed state"
[2026-08-06T07:05:39.447Z] 500 Error: Failed to fetch pipeline stats. Details: "Can't add new command when connection is in closed state"
[2026-08-06T07:05:39.536Z] 500 Error: Failed to fetch pipeline stats. Details: "Can't add new command when connection is in closed state"
[2026-08-06T07:05:39.649Z] 500 Error: Failed to fetch pipeline stats. Details: "Can't add new command when connection is in closed state"
[2026-08-06T07:05:39.710Z] 500 Error: Failed to fetch pipeline stats. Details: "Can't add new command when connection is in closed state"
[2026-08-06T07:05:39.781Z] 500 Error: Failed to fetch pipeline stats. Details: "Can't add new command when connection is in closed state"
[2026-08-06T07:05:39.848Z] 500 Error: Failed to fetch pipeline stats. Details: "Can't add new command when connection is in closed state"
[2026-08-06T07:05:39.907Z] 500 Error: Failed to fetch pipeline stats. Details: "Can't add new command when connection is in closed state"
[2026-08-06T07:05:39.956Z] 500 Error: Failed to fetch pipeline stats. Details: "Can't add new command when connection is in closed state"
[2026-08-06T07:05:39.995Z] 500 Error: Failed to fetch pipeline stats. Details: "Can't add new command when connection is in closed state"
[2026-08-06T07:05:40.047Z] 500 Error: Failed to fetch pipeline stats. Details: "Can't add new command when connection is in closed state"
[2026-08-06T07:05:40.091Z] 500 Error: Failed to fetch pipeline stats. Details: "Can't add new command when connection is in closed state"
[2026-08-06T07:05:40.126Z] 500 Error: Failed to fetch pipeline stats. Details: "Can't add new command when connection is in closed state"
[2026-08-06T07:05:40.165Z] 500 Error: Failed to fetch pipeline stats. Details: "Can't add new command when connection is in closed state"
[2026-08-06T07:05:40.211Z] 500 Error: Failed to fetch pipeline stats. Details: "Can't add new command when connection is in closed state"
[2026-08-06T07:05:40.256Z] 500 Error: Failed to fetch pipeline stats. Details: "Can't add new command when connection is in closed state"
[2026-08-06T07:05:40.301Z] 500 Error: Failed to fetch pipeline stats. Details: "Can't add new command when connection is in closed state"
[2026-08-06T07:05:40.352Z] 500 Error: Failed to fetch pipeline stats. Details: "Can't add new command when connection is in closed state"
[2026-08-06T07:05:40.400Z] 500 Error: Failed to fetch pipeline stats. Details: "Can't add new command when connection is in closed state"
[2026-08-06T07:05:40.440Z] 500 Error: Failed to fetch pipeline stats. Details: "Can't add new command when connection is in closed state"
[2026-08-06T07:05:40.491Z] 500 Error: Failed to fetch pipeline stats. Details: "Can't add new command when connection is in closed state"
[2026-08-06T07:05:40.542Z] 500 Error: Failed to fetch pipeline stats. Details: "Can't add new command when connection is in closed state"
[2026-08-06T07:05:40.594Z] 500 Error: Failed to fetch pipeline stats. Details: "Can't add new command when connection is in closed state"
[2026-08-06T07:05:40.634Z] 500 Error: Failed to fetch pipeline stats. Details: "Can't add new command when connection is in closed state"
[2026-08-06T07:05:40.718Z] 500 Error: Failed to fetch pipeline stats. Details: "Can't add new command when connection is in closed state"
[2026-08-06T07:05:40.756Z] 500 Error: Failed to fetch pipeline stats. Details: "Can't add new command when connection is in closed state"
[2026-08-06T07:05:40.801Z] 500 Error: Failed to fetch pipeline stats. Details: "Can't add new command when connection is in closed state"
[2026-08-06T07:05:40.848Z] 500 Error: Failed to fetch pipeline stats. Details: "Can't add new command when connection is in closed state"
[2026-08-06T07:05:40.879Z] 500 Error: Failed to fetch pipeline stats. Details: "Can't add new command when connection is in closed state"
[2026-08-06T07:05:40.908Z] 500 Error: Failed to fetch pipeline stats. Details: "Can't add new command when connection is in closed state"
[2026-08-06T07:05:40.933Z] 500 Error: Failed to fetch pipeline stats. Details: "Can't add new command when connection is in closed state"
[2026-08-06T07:05:40.962Z] 500 Error: Failed to fetch pipeline stats. Details: "Can't add new command when connection is in closed state"
[2026-08-06T07:05:40.986Z] 500 Error: Failed to fetch pipeline stats. Details: "Can't add new command when connection is in closed state"
[2026-08-06T07:05:41.017Z] 500 Error: Failed to fetch pipeline stats. Details: "Can't add new command when connection is in closed state"
[2026-08-06T07:05:41.044Z] 500 Error: Failed to fetch pipeline stats. Details: "Can't add new command when connection is in closed state"
[2026-08-06T07:05:41.085Z] 500 Error: Failed to fetch pipeline stats. Details: "Can't add new command when connection is in closed state"
[2026-08-06T07:05:41.118Z] 500 Error: Failed to fetch pipeline stats. Details: "Can't add new command when connection is in closed state"
[2026-08-06T07:05:41.146Z] 500 Error: Failed to fetch pipeline stats. Details: "Can't add new command when connection is in closed state"
[2026-08-06T07:05:41.174Z] 500 Error: Failed to fetch pipeline stats. Details: "Can't add new command when connection is in closed state"
[2026-08-06T07:05:41.207Z] 500 Error: Failed to fetch pipeline stats. Details: "Can't add new command when connection is in closed state"
[2026-08-06T07:05:41.238Z] 500 Error: Failed to fetch pipeline stats. Details: "Can't add new command when connection is in closed state"
[2026-08-06T07:05:41.273Z] 500 Error: Failed to fetch pipeline stats. Details: "Can't add new command when connection is in closed state"
[2026-08-06T07:05:41.305Z] 500 Error: Failed to fetch pipeline stats. Details: "Can't add new command when connection is in closed state"
[2026-08-06T07:05:41.335Z] 500 Error: Failed to fetch pipeline stats. Details: "Can't add new command when connection is in closed state"
[2026-08-06T07:05:41.361Z] 500 Error: Failed to fetch pipeline stats. Details: "Can't add new command when connection is in closed state"
[2026-08-06T07:05:41.396Z] 500 Error: Failed to fetch pipeline stats. Details: "Can't add new command when connection is in closed state"
[2026-08-06T07:05:41.455Z] 500 Error: Failed to fetch pipeline stats. Details: "Can't add new command when connection is in closed state"
[2026-08-06T07:05:41.507Z] 500 Error: Failed to fetch pipeline stats. Details: "Can't add new command when connection is in closed state"
[2026-08-06T07:05:41.551Z] 500 Error: Failed to fetch pipeline stats. Details: "Can't add new command when connection is in closed state"
[2026-08-06T07:05:41.601Z] 500 Error: Failed to fetch pipeline stats. Details: "Can't add new command when connection is in closed state"
[2026-08-06T07:05:41.644Z] 500 Error: Failed to fetch pipeline stats. Details: "Can't add new command when connection is in closed state"
[2026-08-06T07:05:41.692Z] 500 Error: Failed to fetch pipeline stats. Details: "Can't add new command when connection is in closed state"
[2026-08-06T07:05:41.741Z] 500 Error: Failed to fetch pipeline stats. Details: "Can't add new command when connection is in closed state"
[2026-08-06T07:05:41.791Z] 500 Error: Failed to fetch pipeline stats. Details: "Can't add new command when connection is in closed state"
[2026-08-06T07:05:41.858Z] 500 Error: Failed to fetch pipeline stats. Details: "Can't add new command when connection is in closed state"
[2026-08-06T07:05:41.909Z] 500 Error: Failed to fetch pipeline stats. Details: "Can't add new command when connection is in closed state"
[2026-08-06T07:05:41.949Z] 500 Error: Failed to fetch pipeline stats. Details: "Can't add new command when connection is in closed state"
[2026-08-06T07:05:41.977Z] 500 Error: Failed to fetch pipeline stats. Details: "Can't add new command when connection is in closed state"
[2026-08-06T07:05:42.025Z] 500 Error: Failed to fetch pipeline stats. Details: "Can't add new command when connection is in closed state"
[2026-08-06T07:05:42.073Z] 500 Error: Failed to fetch pipeline stats. Details: "Can't add new command when connection is in closed state"
[2026-08-06T07:05:42.122Z] 500 Error: Failed to fetch pipeline stats. Details: "Can't add new command when connection is in closed state"
[2026-08-06T07:05:42.167Z] 500 Error: Failed to fetch pipeline stats. Details: "Can't add new command when connection is in closed state"
[2026-08-06T07:05:42.220Z] 500 Error: Failed to fetch pipeline stats. Details: "Can't add new command when connection is in closed state"
[2026-08-06T07:05:42.273Z] 500 Error: Failed to fetch pipeline stats. Details: "Can't add new command when connection is in closed state"
[2026-08-06T07:05:42.323Z] 500 Error: Failed to fetch pipeline stats. Details: "Can't add new command when connection is in closed state"
[2026-08-06T07:05:42.374Z] 500 Error: Failed to fetch pipeline stats. Details: "Can't add new command when connection is in closed state"
[2026-08-06T07:05:42.422Z] 500 Error: Failed to fetch pipeline stats. Details: "Can't add new command when connection is in closed state"
[2026-08-06T07:05:42.473Z] 500 Error: Failed to fetch pipeline stats. Details: "Can't add new command when connection is in closed state"
[2026-08-06T07:05:42.527Z] 500 Error: Failed to fetch pipeline stats. Details: "Can't add new command when connection is in closed state"
[2026-08-06T07:05:42.579Z] 500 Error: Failed to fetch pipeline stats. Details: "Can't add new command when connection is in closed state"
[2026-08-06T07:05:42.672Z] 500 Error: Failed to fetch pipeline stats. Details: "Can't add new command when connection is in closed state"
[2026-08-06T07:05:42.710Z] 500 Error: Failed to fetch pipeline stats. Details: "Can't add new command when connection is in closed state"
[2026-08-06T07:05:42.744Z] 500 Error: Failed to fetch pipeline stats. Details: "Can't add new command when connection is in closed state"
[2026-08-06T07:05:42.787Z] 500 Error: Failed to fetch pipeline stats. Details: "Can't add new command when connection is in closed state"
[2026-08-06T07:05:42.827Z] 500 Error: Failed to fetch pipeline stats. Details: "Can't add new command when connection is in closed state"
[2026-08-06T07:05:42.850Z] 500 Error: Failed to fetch pipeline stats. Details: "Can't add new command when connection is in closed state"
[2026-08-06T07:05:42.871Z] 500 Error: Failed to fetch pipeline stats. Details: "Can't add new command when connection is in closed state"
[2026-08-06T07:05:42.898Z] 500 Error: Failed to fetch pipeline stats. Details: "Can't add new command when connection is in closed state"
[2026-08-06T07:05:42.924Z] 500 Error: Failed to fetch pipeline stats. Details: "Can't add new command when connection is in closed state"
[2026-08-06T07:05:42.952Z] 500 Error: Failed to fetch pipeline stats. Details: "Can't add new command when connection is in closed state"
[2026-08-06T07:05:42.983Z] 500 Error: Failed to fetch pipeline stats. Details: "Can't add new command when connection is in closed state"
[2026-08-06T07:05:43.011Z] 500 Error: Failed to fetch pipeline stats. Details: "Can't add new command when connection is in closed state"
[2026-08-06T07:05:43.042Z] 500 Error: Failed to fetch pipeline stats. Details: "Can't add new command when connection is in closed state"
[2026-08-06T07:05:43.070Z] 500 Error: Failed to fetch pipeline stats. Details: "Can't add new command when connection is in closed state"
[2026-08-06T07:05:43.108Z] 500 Error: Failed to fetch pipeline stats. Details: "Can't add new command when connection is in closed state"
[2026-08-06T07:05:43.133Z] 500 Error: Failed to fetch pipeline stats. Details: "Can't add new command when connection is in closed state"
[2026-08-06T07:05:43.161Z] 500 Error: Failed to fetch pipeline stats. Details: "Can't add new command when connection is in closed state"
[2026-08-06T07:05:43.191Z] 500 Error: Failed to fetch pipeline stats. Details: "Can't add new command when connection is in closed state"
[2026-08-06T07:05:43.216Z] 500 Error: Failed to fetch pipeline stats. Details: "Can't add new command when connection is in closed state"
[2026-08-06T07:05:43.241Z] 500 Error: Failed to fetch pipeline stats. Details: "Can't add new command when connection is in closed state"
[2026-08-06T07:05:43.265Z] 500 Error: Failed to fetch pipeline stats. Details: "Can't add new command when connection is in closed state"
[2026-08-06T07:05:43.298Z] 500 Error: Failed to fetch pipeline stats. Details: "Can't add new command when connection is in closed state"
[2026-08-06T07:05:43.350Z] 500 Error: Failed to fetch pipeline stats. Details: "Can't add new command when connection is in closed state"
[2026-08-06T07:05:43.389Z] 500 Error: Failed to fetch pipeline stats. Details: "Can't add new command when connection is in closed state"
[2026-08-06T07:05:43.435Z] 500 Error: Failed to fetch pipeline stats. Details: "Can't add new command when connection is in closed state"
[2026-08-06T07:05:43.475Z] 500 Error: Failed to fetch pipeline stats. Details: "Can't add new command when connection is in closed state"
[2026-08-06T07:05:43.514Z] 500 Error: Failed to fetch pipeline stats. Details: "Can't add new command when connection is in closed state"
[2026-08-06T07:05:43.561Z] 500 Error: Failed to fetch pipeline stats. Details: "Can't add new command when connection is in closed state"
[2026-08-06T07:05:43.608Z] 500 Error: Failed to fetch pipeline stats. Details: "Can't add new command when connection is in closed state"
[2026-08-06T07:05:43.651Z] 500 Error: Failed to fetch pipeline stats. Details: "Can't add new command when connection is in closed state"
[2026-08-06T07:05:43.695Z] 500 Error: Failed to fetch pipeline stats. Details: "Can't add new command when connection is in closed state"
[2026-08-06T07:05:43.744Z] 500 Error: Failed to fetch pipeline stats. Details: "Can't add new command when connection is in closed state"
[2026-08-06T07:05:43.784Z] 500 Error: Failed to fetch pipeline stats. Details: "Can't add new command when connection is in closed state"
[2026-08-06T07:05:43.830Z] 500 Error: Failed to fetch pipeline stats. Details: "Can't add new command when connection is in closed state"
[2026-08-06T07:05:43.874Z] 500 Error: Failed to fetch pipeline stats. Details: "Can't add new command when connection is in closed state"
[2026-08-06T07:05:43.924Z] 500 Error: Failed to fetch pipeline stats. Details: "Can't add new command when connection is in closed state"
[2026-08-06T07:05:43.972Z] 500 Error: Failed to fetch pipeline stats. Details: "Can't add new command when connection is in closed state"
[2026-08-06T07:05:44.013Z] 500 Error: Failed to fetch pipeline stats. Details: "Can't add new command when connection is in closed state"
[2026-08-06T07:05:44.039Z] 500 Error: Failed to fetch pipeline stats. Details: "Can't add new command when connection is in closed state"
[2026-08-06T07:05:44.084Z] 500 Error: Failed to fetch pipeline stats. Details: "Can't add new command when connection is in closed state"
[2026-08-06T07:05:44.117Z] 500 Error: Failed to fetch pipeline stats. Details: "Can't add new command when connection is in closed state"
[2026-08-06T07:05:44.164Z] 500 Error: Failed to fetch pipeline stats. Details: "Can't add new command when connection is in closed state"
[2026-08-06T07:05:44.199Z] 500 Error: Failed to fetch pipeline stats. Details: "Can't add new command when connection is in closed state"
[2026-08-06T07:05:44.240Z] 500 Error: Failed to fetch pipeline stats. Details: "Can't add new command when connection is in closed state"
[2026-08-06T07:05:44.280Z] 500 Error: Failed to fetch pipeline stats. Details: "Can't add new command when connection is in closed state"
[2026-08-06T07:05:44.366Z] 500 Error: Failed to fetch pipeline stats. Details: "Can't add new command when connection is in closed state"
[2026-08-06T07:05:44.404Z] 500 Error: Failed to fetch pipeline stats. Details: "Can't add new command when connection is in closed state"
[2026-08-06T07:05:44.449Z] 500 Error: Failed to fetch pipeline stats. Details: "Can't add new command when connection is in closed state"
[2026-08-06T07:05:44.489Z] 500 Error: Failed to fetch pipeline stats. Details: "Can't add new command when connection is in closed state"
[2026-08-06T07:05:44.520Z] 500 Error: Failed to fetch pipeline stats. Details: "Can't add new command when connection is in closed state"
[2026-08-06T07:05:44.547Z] 500 Error: Failed to fetch pipeline stats. Details: "Can't add new command when connection is in closed state"
[2026-08-06T07:05:44.603Z] 500 Error: Failed to fetch pipeline stats. Details: "Can't add new command when connection is in closed state"
[2026-08-06T07:05:44.628Z] 500 Error: Failed to fetch pipeline stats. Details: "Can't add new command when connection is in closed state"
[2026-08-06T07:05:44.661Z] 500 Error: Failed to fetch pipeline stats. Details: "Can't add new command when connection is in closed state"
[2026-08-06T07:05:44.696Z] 500 Error: Failed to fetch pipeline stats. Details: "Can't add new command when connection is in closed state"
[2026-08-06T07:05:44.738Z] 500 Error: Failed to fetch pipeline stats. Details: "Can't add new command when connection is in closed state"
[2026-08-06T07:05:44.768Z] 500 Error: Failed to fetch pipeline stats. Details: "Can't add new command when connection is in closed state"
[2026-08-06T07:05:44.804Z] 500 Error: Failed to fetch pipeline stats. Details: "Can't add new command when connection is in closed state"
[2026-08-06T07:05:44.831Z] 500 Error: Failed to fetch pipeline stats. Details: "Can't add new command when connection is in closed state"
[2026-08-06T07:05:44.860Z] 500 Error: Failed to fetch pipeline stats. Details: "Can't add new command when connection is in closed state"
[2026-08-06T07:05:44.925Z] 500 Error: Failed to fetch pipeline stats. Details: "Can't add new command when connection is in closed state"
[2026-08-06T07:05:44.979Z] 500 Error: Failed to fetch pipeline stats. Details: "Can't add new command when connection is in closed state"
[2026-08-06T07:05:45.026Z] 500 Error: Failed to fetch pipeline stats. Details: "Can't add new command when connection is in closed state"
[2026-08-06T07:05:45.072Z] 500 Error: Failed to fetch pipeline stats. Details: "Can't add new command when connection is in closed state"
[2026-08-06T07:05:45.122Z] 500 Error: Failed to fetch pipeline stats. Details: "Can't add new command when connection is in closed state"
[2026-08-06T07:05:45.177Z] 500 Error: Failed to fetch pipeline stats. Details: "Can't add new command when connection is in closed state"
[2026-08-06T07:05:45.225Z] 500 Error: Failed to fetch pipeline stats. Details: "Can't add new command when connection is in closed state"
[2026-08-06T07:05:45.284Z] 500 Error: Failed to fetch pipeline stats. Details: "Can't add new command when connection is in closed state"
[2026-08-06T07:05:45.332Z] 500 Error: Failed to fetch pipeline stats. Details: "Can't add new command when connection is in closed state"
[2026-08-06T07:05:45.383Z] 500 Error: Failed to fetch pipeline stats. Details: "Can't add new command when connection is in closed state"
[2026-08-06T07:05:45.409Z] 500 Error: Failed to fetch pipeline stats. Details: "Can't add new command when connection is in closed state"
[2026-08-06T07:05:45.438Z] 500 Error: Failed to fetch pipeline stats. Details: "Can't add new command when connection is in closed state"
[2026-08-06T07:05:45.485Z] 500 Error: Failed to fetch pipeline stats. Details: "Can't add new command when connection is in closed state"
[2026-08-06T07:05:45.530Z] 500 Error: Failed to fetch pipeline stats. Details: "Can't add new command when connection is in closed state"
[2026-08-06T07:05:45.584Z] 500 Error: Failed to fetch pipeline stats. Details: "Can't add new command when connection is in closed state"
[2026-08-06T07:05:45.636Z] 500 Error: Failed to fetch pipeline stats. Details: "Can't add new command when connection is in closed state"
[2026-08-06T07:05:45.691Z] 500 Error: Failed to fetch pipeline stats. Details: "Can't add new command when connection is in closed state"
[2026-08-06T07:05:45.743Z] 500 Error: Failed to fetch pipeline stats. Details: "Can't add new command when connection is in closed state"
[2026-08-06T07:05:45.778Z] 500 Error: Failed to fetch pipeline stats. Details: "Can't add new command when connection is in closed state"
[2026-08-06T07:05:45.820Z] 500 Error: Failed to fetch pipeline stats. Details: "Can't add new command when connection is in closed state"
[2026-08-06T07:05:45.857Z] 500 Error: Failed to fetch pipeline stats. Details: "Can't add new command when connection is in closed state"
[2026-08-06T07:05:45.899Z] 500 Error: Failed to fetch pipeline stats. Details: "Can't add new command when connection is in closed state"
[2026-08-06T07:05:45.936Z] 500 Error: Failed to fetch pipeline stats. Details: "Can't add new command when connection is in closed state"
[2026-08-06T07:05:46.015Z] 500 Error: Failed to fetch pipeline stats. Details: "Can't add new command when connection is in closed state"
[2026-08-06T07:05:46.053Z] 500 Error: Failed to fetch pipeline stats. Details: "Can't add new command when connection is in closed state"
[2026-08-06T07:05:46.094Z] 500 Error: Failed to fetch pipeline stats. Details: "Can't add new command when connection is in closed state"
[2026-08-06T07:05:46.140Z] 500 Error: Failed to fetch pipeline stats. Details: "Can't add new command when connection is in closed state"
[2026-08-06T07:05:46.176Z] 500 Error: Failed to fetch pipeline stats. Details: "Can't add new command when connection is in closed state"
[2026-08-06T07:05:46.208Z] 500 Error: Failed to fetch pipeline stats. Details: "Can't add new command when connection is in closed state"
[2026-08-06T07:05:46.248Z] 500 Error: Failed to fetch pipeline stats. Details: "Can't add new command when connection is in closed state"
[2026-08-06T07:05:46.271Z] 500 Error: Failed to fetch pipeline stats. Details: "Can't add new command when connection is in closed state"
[2026-08-06T07:05:46.301Z] 500 Error: Failed to fetch pipeline stats. Details: "Can't add new command when connection is in closed state"
[2026-08-06T07:05:46.338Z] 500 Error: Failed to fetch pipeline stats. Details: "Can't add new command when connection is in closed state"
[2026-08-06T07:05:46.374Z] 500 Error: Failed to fetch pipeline stats. Details: "Can't add new command when connection is in closed state"
[2026-08-06T07:05:46.411Z] 500 Error: Failed to fetch pipeline stats. Details: "Can't add new command when connection is in closed state"
[2026-08-06T07:05:46.454Z] 500 Error: Failed to fetch pipeline stats. Details: "Can't add new command when connection is in closed state"
[2026-08-06T07:05:46.490Z] 500 Error: Failed to fetch pipeline stats. Details: "Can't add new command when connection is in closed state"
[2026-08-06T07:05:46.524Z] 500 Error: Failed to fetch pipeline stats. Details: "Can't add new command when connection is in closed state"
[2026-08-06T07:05:46.547Z] 500 Error: Failed to fetch pipeline stats. Details: "Can't add new command when connection is in closed state"
[2026-08-06T07:05:46.590Z] 500 Error: Failed to fetch pipeline stats. Details: "Can't add new command when connection is in closed state"
[2026-08-06T07:05:46.634Z] 500 Error: Failed to fetch pipeline stats. Details: "Can't add new command when connection is in closed state"
[2026-08-06T07:05:46.698Z] 500 Error: Failed to fetch pipeline stats. Details: "Can't add new command when connection is in closed state"
[2026-08-06T07:05:46.768Z] 500 Error: Failed to fetch pipeline stats. Details: "Can't add new command when connection is in closed state"
[2026-08-06T07:05:46.828Z] 500 Error: Failed to fetch pipeline stats. Details: "Can't add new command when connection is in closed state"
[2026-08-06T07:05:46.885Z] 500 Error: Failed to fetch pipeline stats. Details: "Can't add new command when connection is in closed state"
[2026-08-06T07:05:46.928Z] 500 Error: Failed to fetch pipeline stats. Details: "Can't add new command when connection is in closed state"
[2026-08-06T07:05:46.970Z] 500 Error: Failed to fetch pipeline stats. Details: "Can't add new command when connection is in closed state"
[2026-08-06T07:05:47.016Z] 500 Error: Failed to fetch pipeline stats. Details: "Can't add new command when connection is in closed state"
[2026-08-06T07:05:47.069Z] 500 Error: Failed to fetch pipeline stats. Details: "Can't add new command when connection is in closed state"
[2026-08-06T07:05:47.105Z] 500 Error: Failed to fetch pipeline stats. Details: "Can't add new command when connection is in closed state"
[2026-08-06T07:05:47.137Z] 500 Error: Failed to fetch pipeline stats. Details: "Can't add new command when connection is in closed state"
[2026-08-06T07:05:47.180Z] 500 Error: Failed to fetch pipeline stats. Details: "Can't add new command when connection is in closed state"
[2026-08-06T07:05:47.228Z] 500 Error: Failed to fetch pipeline stats. Details: "Can't add new command when connection is in closed state"
[2026-08-06T07:05:47.275Z] 500 Error: Failed to fetch pipeline stats. Details: "Can't add new command when connection is in closed state"
[2026-08-06T07:05:47.327Z] 500 Error: Failed to fetch pipeline stats. Details: "Can't add new command when connection is in closed state"
[2026-08-06T07:05:47.374Z] 500 Error: Failed to fetch pipeline stats. Details: "Can't add new command when connection is in closed state"
[2026-08-06T07:05:47.426Z] 500 Error: Failed to fetch pipeline stats. Details: "Can't add new command when connection is in closed state"
[2026-08-06T07:05:47.472Z] 500 Error: Failed to fetch pipeline stats. Details: "Can't add new command when connection is in closed state"
[2026-08-06T07:05:47.524Z] 500 Error: Failed to fetch pipeline stats. Details: "Can't add new command when connection is in closed state"
[2026-08-06T07:05:47.576Z] 500 Error: Failed to fetch pipeline stats. Details: "Can't add new command when connection is in closed state"
[2026-08-06T07:05:47.625Z] 500 Error: Failed to fetch pipeline stats. Details: "Can't add new command when connection is in closed state"
[2026-08-06T07:05:47.682Z] 500 Error: Failed to fetch pipeline stats. Details: "Can't add new command when connection is in closed state"
[2026-08-06T07:05:47.737Z] 500 Error: Failed to fetch pipeline stats. Details: "Can't add new command when connection is in closed state"
[2026-08-06T07:05:47.796Z] 500 Error: Failed to fetch pipeline stats. Details: "Can't add new command when connection is in closed state"
[2026-08-06T07:05:47.843Z] 500 Error: Failed to fetch pipeline stats. Details: "Can't add new command when connection is in closed state"
[2026-08-06T07:05:47.912Z] 500 Error: Failed to fetch pipeline stats. Details: "Can't add new command when connection is in closed state"
[2026-08-06T07:05:47.954Z] 500 Error: Failed to fetch pipeline stats. Details: "Can't add new command when connection is in closed state"
[2026-08-06T07:05:47.983Z] 500 Error: Failed to fetch pipeline stats. Details: "Can't add new command when connection is in closed state"
[2026-08-06T07:05:48.024Z] 500 Error: Failed to fetch pipeline stats. Details: "Can't add new command when connection is in closed state"
[2026-08-06T07:05:48.066Z] 500 Error: Failed to fetch pipeline stats. Details: "Can't add new command when connection is in closed state"
[2026-08-06T07:05:48.105Z] 500 Error: Failed to fetch pipeline stats. Details: "Can't add new command when connection is in closed state"
[2026-08-06T07:05:48.134Z] 500 Error: Failed to fetch pipeline stats. Details: "Can't add new command when connection is in closed state"
[2026-08-06T07:05:48.166Z] 500 Error: Failed to fetch pipeline stats. Details: "Can't add new command when connection is in closed state"
[2026-08-06T07:05:48.196Z] 500 Error: Failed to fetch pipeline stats. Details: "Can't add new command when connection is in closed state"
[2026-08-06T07:05:48.224Z] 500 Error: Failed to fetch pipeline stats. Details: "Can't add new command when connection is in closed state"
[2026-08-06T07:05:48.257Z] 500 Error: Failed to fetch pipeline stats. Details: "Can't add new command when connection is in closed state"
[2026-08-06T07:05:48.287Z] 500 Error: Failed to fetch pipeline stats. Details: "Can't add new command when connection is in closed state"
[2026-08-06T07:05:48.321Z] 500 Error: Failed to fetch pipeline stats. Details: "Can't add new command when connection is in closed state"
[2026-08-06T07:05:48.357Z] 500 Error: Failed to fetch pipeline stats. Details: "Can't add new command when connection is in closed state"
[2026-08-06T07:05:48.389Z] 500 Error: Failed to fetch pipeline stats. Details: "Can't add new command when connection is in closed state"
[2026-08-06T07:05:48.429Z] 500 Error: Failed to fetch pipeline stats. Details: "Can't add new command when connection is in closed state"
[2026-08-06T07:05:48.457Z] 500 Error: Failed to fetch pipeline stats. Details: "Can't add new command when connection is in closed state"
[2026-08-06T07:05:48.496Z] 500 Error: Failed to fetch pipeline stats. Details: "Can't add new command when connection is in closed state"
[2026-08-06T07:05:48.521Z] 500 Error: Failed to fetch pipeline stats. Details: "Can't add new command when connection is in closed state"
[2026-08-06T07:05:48.557Z] 500 Error: Failed to fetch pipeline stats. Details: "Can't add new command when connection is in closed state"
[2026-08-06T07:05:48.589Z] 500 Error: Failed to fetch pipeline stats. Details: "Can't add new command when connection is in closed state"
[2026-08-06T07:05:48.620Z] 500 Error: Failed to fetch pipeline stats. Details: "Can't add new command when connection is in closed state"
[2026-08-06T07:05:48.677Z] 500 Error: Failed to fetch pipeline stats. Details: "Can't add new command when connection is in closed state"
[2026-08-06T07:05:48.730Z] 500 Error: Failed to fetch pipeline stats. Details: "Can't add new command when connection is in closed state"
[2026-08-06T07:05:48.771Z] 500 Error: Failed to fetch pipeline stats. Details: "Can't add new command when connection is in closed state"
[2026-08-06T07:05:48.828Z] 500 Error: Failed to fetch pipeline stats. Details: "Can't add new command when connection is in closed state"
[2026-08-06T07:05:48.895Z] 500 Error: Failed to fetch pipeline stats. Details: "Can't add new command when connection is in closed state"
[2026-08-06T07:05:48.938Z] 500 Error: Failed to fetch pipeline stats. Details: "Can't add new command when connection is in closed state"
[2026-08-06T07:05:48.979Z] 500 Error: Failed to fetch pipeline stats. Details: "Can't add new command when connection is in closed state"
[2026-08-06T07:05:49.047Z] 500 Error: Failed to fetch pipeline stats. Details: "Can't add new command when connection is in closed state"
[2026-08-06T07:05:49.182Z] 500 Error: Failed to fetch pipeline stats. Details: "Can't add new command when connection is in closed state"
[2026-08-06T07:05:49.205Z] 500 Error: Failed to fetch pipeline stats. Details: "Can't add new command when connection is in closed state"
[2026-08-06T07:05:49.220Z] 500 Error: Failed to fetch pipeline stats. Details: "Can't add new command when connection is in closed state"
[2026-08-06T07:05:49.251Z] 500 Error: Failed to fetch pipeline stats. Details: "Can't add new command when connection is in closed state"
[2026-08-06T07:05:49.270Z] 500 Error: Failed to fetch pipeline stats. Details: "Can't add new command when connection is in closed state"
[2026-08-06T07:05:49.289Z] 500 Error: Failed to fetch pipeline stats. Details: "Can't add new command when connection is in closed state"
[2026-08-06T07:05:49.313Z] 500 Error: Failed to fetch pipeline stats. Details: "Can't add new command when connection is in closed state"
[2026-08-06T07:05:49.332Z] 500 Error: Failed to fetch pipeline stats. Details: "Can't add new command when connection is in closed state"
[2026-08-06T07:05:49.354Z] 500 Error: Failed to fetch pipeline stats. Details: "Can't add new command when connection is in closed state"
[2026-08-06T07:05:49.373Z] 500 Error: Failed to fetch pipeline stats. Details: "Can't add new command when connection is in closed state"
[2026-08-06T07:05:49.390Z] 500 Error: Failed to fetch pipeline stats. Details: "Can't add new command when connection is in closed state"
[2026-08-06T07:05:49.409Z] 500 Error: Failed to fetch pipeline stats. Details: "Can't add new command when connection is in closed state"
[2026-08-06T07:05:49.429Z] 500 Error: Failed to fetch pipeline stats. Details: "Can't add new command when connection is in closed state"
[2026-08-06T07:05:49.452Z] 500 Error: Failed to fetch pipeline stats. Details: "Can't add new command when connection is in closed state"
[2026-08-06T07:05:49.470Z] 500 Error: Failed to fetch pipeline stats. Details: "Can't add new command when connection is in closed state"
[2026-08-06T07:05:49.487Z] 500 Error: Failed to fetch pipeline stats. Details: "Can't add new command when connection is in closed state"
[2026-08-06T07:05:49.508Z] 500 Error: Failed to fetch pipeline stats. Details: "Can't add new command when connection is in closed state"
[2026-08-06T07:05:49.522Z] 500 Error: Failed to fetch pipeline stats. Details: "Can't add new command when connection is in closed state"
[2026-08-06T07:05:49.543Z] 500 Error: Failed to fetch pipeline stats. Details: "Can't add new command when connection is in closed state"
[2026-08-06T07:05:49.561Z] 500 Error: Failed to fetch pipeline stats. Details: "Can't add new command when connection is in closed state"
[2026-08-06T07:05:49.577Z] 500 Error: Failed to fetch pipeline stats. Details: "Can't add new command when connection is in closed state"
[2026-08-06T07:05:49.594Z] 500 Error: Failed to fetch pipeline stats. Details: "Can't add new command when connection is in closed state"
[2026-08-06T07:05:49.609Z] 500 Error: Failed to fetch pipeline stats. Details: "Can't add new command when connection is in closed state"
[2026-08-06T07:05:49.626Z] 500 Error: Failed to fetch pipeline stats. Details: "Can't add new command when connection is in closed state"
[2026-08-06T07:05:49.644Z] 500 Error: Failed to fetch pipeline stats. Details: "Can't add new command when connection is in closed state"
[2026-08-06T07:05:49.661Z] 500 Error: Failed to fetch pipeline stats. Details: "Can't add new command when connection is in closed state"
[2026-08-06T07:05:49.679Z] 500 Error: Failed to fetch pipeline stats. Details: "Can't add new command when connection is in closed state"
[2026-08-06T07:05:49.698Z] 500 Error: Failed to fetch pipeline stats. Details: "Can't add new command when connection is in closed state"
[2026-08-06T07:05:49.716Z] 500 Error: Failed to fetch pipeline stats. Details: "Can't add new command when connection is in closed state"
[2026-08-06T07:05:49.737Z] 500 Error: Failed to fetch pipeline stats. Details: "Can't add new command when connection is in closed state"
[2026-08-06T07:05:49.757Z] 500 Error: Failed to fetch pipeline stats. Details: "Can't add new command when connection is in closed state"
[2026-08-06T07:05:49.805Z] 500 Error: Failed to fetch pipeline stats. Details: "Can't add new command when connection is in closed state"
[2026-08-06T07:05:49.827Z] 500 Error: Failed to fetch pipeline stats. Details: "Can't add new command when connection is in closed state"
[2026-08-06T07:05:49.848Z] 500 Error: Failed to fetch pipeline stats. Details: "Can't add new command when connection is in closed state"
[2026-08-06T07:05:49.866Z] 500 Error: Failed to fetch pipeline stats. Details: "Can't add new command when connection is in closed state"
[2026-08-06T07:05:49.884Z] 500 Error: Failed to fetch pipeline stats. Details: "Can't add new command when connection is in closed state"
[2026-08-06T07:05:49.903Z] 500 Error: Failed to fetch pipeline stats. Details: "Can't add new command when connection is in closed state"
[2026-08-06T07:05:49.929Z] 500 Error: Failed to fetch pipeline stats. Details: "Can't add new command when connection is in closed state"
[2026-08-06T07:05:49.949Z] 500 Error: Failed to fetch pipeline stats. Details: "Can't add new command when connection is in closed state"
[2026-08-06T07:05:49.986Z] 500 Error: Failed to fetch pipeline stats. Details: "Can't add new command when connection is in closed state"
[2026-08-06T07:05:50.008Z] 500 Error: Failed to fetch pipeline stats. Details: "Can't add new command when connection is in closed state"
[2026-08-06T07:05:50.033Z] 500 Error: Failed to fetch pipeline stats. Details: "Can't add new command when connection is in closed state"
[2026-08-06T07:05:50.062Z] 500 Error: Failed to fetch pipeline stats. Details: "Can't add new command when connection is in closed state"
[2026-08-06T07:05:50.086Z] 500 Error: Failed to fetch pipeline stats. Details: "Can't add new command when connection is in closed state"
[2026-08-06T07:05:50.114Z] 500 Error: Failed to fetch pipeline stats. Details: "Can't add new command when connection is in closed state"
[2026-08-06T07:05:50.135Z] 500 Error: Failed to fetch pipeline stats. Details: "Can't add new command when connection is in closed state"
[2026-08-06T07:05:50.157Z] 500 Error: Failed to fetch pipeline stats. Details: "Can't add new command when connection is in closed state"
[2026-08-06T07:05:50.184Z] 500 Error: Failed to fetch pipeline stats. Details: "Can't add new command when connection is in closed state"
[2026-08-06T07:05:50.204Z] 500 Error: Failed to fetch pipeline stats. Details: "Can't add new command when connection is in closed state"
[2026-08-06T07:05:50.227Z] 500 Error: Failed to fetch pipeline stats. Details: "Can't add new command when connection is in closed state"
[2026-08-06T07:05:50.247Z] 500 Error: Failed to fetch pipeline stats. Details: "Can't add new command when connection is in closed state"
[2026-08-06T07:05:50.269Z] 500 Error: Failed to fetch pipeline stats. Details: "Can't add new command when connection is in closed state"
[2026-08-06T07:05:50.297Z] 500 Error: Failed to fetch pipeline stats. Details: "Can't add new command when connection is in closed state"
[2026-08-06T07:05:50.329Z] 500 Error: Failed to fetch pipeline stats. Details: "Can't add new command when connection is in closed state"
[2026-08-06T07:05:50.334Z] 500 Error: Failed to fetch pipeline stats. Details: "Can't add new command when connection is in closed state"
[2026-08-06T07:05:50.360Z] 500 Error: Failed to fetch pipeline stats. Details: "Can't add new command when connection is in closed state"
[2026-08-06T07:05:50.381Z] 500 Error: Failed to fetch pipeline stats. Details: "Can't add new command when connection is in closed state"
[2026-08-06T07:05:50.410Z] 500 Error: Failed to fetch pipeline stats. Details: "Can't add new command when connection is in closed state"
[2026-08-06T07:05:50.435Z] 500 Error: Failed to fetch pipeline stats. Details: "Can't add new command when connection is in closed state"
[2026-08-06T07:05:50.468Z] 500 Error: Failed to fetch pipeline stats. Details: "Can't add new command when connection is in closed state"
[2026-08-06T07:05:50.507Z] 500 Error: Failed to fetch pipeline stats. Details: "Can't add new command when connection is in closed state"
[2026-08-06T07:05:50.542Z] 500 Error: Failed to fetch pipeline stats. Details: "Can't add new command when connection is in closed state"
[2026-08-06T07:05:50.569Z] 500 Error: Failed to fetch pipeline stats. Details: "Can't add new command when connection is in closed state"
[2026-08-06T07:05:50.596Z] 500 Error: Failed to fetch pipeline stats. Details: "Can't add new command when connection is in closed state"
[2026-08-06T07:05:50.628Z] 500 Error: Failed to fetch pipeline stats. Details: "Can't add new command when connection is in closed state"
[2026-08-06T07:05:50.661Z] 500 Error: Failed to fetch pipeline stats. Details: "Can't add new command when connection is in closed state"
[2026-08-06T07:05:50.687Z] 500 Error: Failed to fetch pipeline stats. Details: "Can't add new command when connection is in closed state"
[2026-08-06T07:05:50.717Z] 500 Error: Failed to fetch pipeline stats. Details: "Can't add new command when connection is in closed state"
[2026-08-06T07:05:50.742Z] 500 Error: Failed to fetch pipeline stats. Details: "Can't add new command when connection is in closed state"
[2026-08-06T07:05:50.767Z] 500 Error: Failed to fetch pipeline stats. Details: "Can't add new command when connection is in closed state"
[2026-08-06T07:05:50.798Z] 500 Error: Failed to fetch pipeline stats. Details: "Can't add new command when connection is in closed state"
[2026-08-06T07:05:50.825Z] 500 Error: Failed to fetch pipeline stats. Details: "Can't add new command when connection is in closed state"
[2026-08-06T07:05:50.853Z] 500 Error: Failed to fetch pipeline stats. Details: "Can't add new command when connection is in closed state"
[2026-08-06T07:05:50.882Z] 500 Error: Failed to fetch pipeline stats. Details: "Can't add new command when connection is in closed state"
[2026-08-06T07:05:50.914Z] 500 Error: Failed to fetch pipeline stats. Details: "Can't add new command when connection is in closed state"
[2026-08-06T07:05:50.944Z] 500 Error: Failed to fetch pipeline stats. Details: "Can't add new command when connection is in closed state"
[2026-08-06T07:05:50.963Z] 500 Error: Failed to fetch pipeline stats. Details: "Can't add new command when connection is in closed state"
[2026-08-06T07:05:50.994Z] 500 Error: Failed to fetch pipeline stats. Details: "Can't add new command when connection is in closed state"
[2026-08-06T07:05:51.026Z] 500 Error: Failed to fetch pipeline stats. Details: "Can't add new command when connection is in closed state"
[2026-08-06T07:05:51.047Z] 500 Error: Failed to fetch pipeline stats. Details: "Can't add new command when connection is in closed state"
[2026-08-06T07:05:51.067Z] 500 Error: Failed to fetch pipeline stats. Details: "Can't add new command when connection is in closed state"
[2026-08-06T07:05:51.089Z] 500 Error: Failed to fetch pipeline stats. Details: "Can't add new command when connection is in closed state"
[2026-08-06T07:05:51.109Z] 500 Error: Failed to fetch pipeline stats. Details: "Can't add new command when connection is in closed state"
[2026-08-06T07:05:51.130Z] 500 Error: Failed to fetch pipeline stats. Details: "Can't add new command when connection is in closed state"
[2026-08-06T07:05:51.150Z] 500 Error: Failed to fetch pipeline stats. Details: "Can't add new command when connection is in closed state"
[2026-08-06T07:05:51.169Z] 500 Error: Failed to fetch pipeline stats. Details: "Can't add new command when connection is in closed state"
[2026-08-06T07:05:51.191Z] 500 Error: Failed to fetch pipeline stats. Details: "Can't add new command when connection is in closed state"
[2026-08-06T07:05:51.213Z] 500 Error: Failed to fetch pipeline stats. Details: "Can't add new command when connection is in closed state"
[2026-08-06T07:05:51.232Z] 500 Error: Failed to fetch pipeline stats. Details: "Can't add new command when connection is in closed state"
[2026-08-06T07:05:51.251Z] 500 Error: Failed to fetch pipeline stats. Details: "Can't add new command when connection is in closed state"
[2026-08-06T07:05:51.269Z] 500 Error: Failed to fetch pipeline stats. Details: "Can't add new command when connection is in closed state"
[2026-08-06T07:05:51.288Z] 500 Error: Failed to fetch pipeline stats. Details: "Can't add new command when connection is in closed state"
[2026-08-06T07:05:51.309Z] 500 Error: Failed to fetch pipeline stats. Details: "Can't add new command when connection is in closed state"
[2026-08-06T07:05:51.328Z] 500 Error: Failed to fetch pipeline stats. Details: "Can't add new command when connection is in closed state"
[2026-08-06T07:05:51.348Z] 500 Error: Failed to fetch pipeline stats. Details: "Can't add new command when connection is in closed state"
[2026-08-06T07:05:51.369Z] 500 Error: Failed to fetch pipeline stats. Details: "Can't add new command when connection is in closed state"
[2026-08-06T07:05:51.390Z] 500 Error: Failed to fetch pipeline stats. Details: "Can't add new command when connection is in closed state"
[2026-08-06T07:05:51.409Z] 500 Error: Failed to fetch pipeline stats. Details: "Can't add new command when connection is in closed state"
[2026-08-06T07:05:51.429Z] 500 Error: Failed to fetch pipeline stats. Details: "Can't add new command when connection is in closed state"
[2026-08-06T07:05:51.448Z] 500 Error: Failed to fetch pipeline stats. Details: "Can't add new command when connection is in closed state"
[2026-08-06T07:05:51.466Z] 500 Error: Failed to fetch pipeline stats. Details: "Can't add new command when connection is in closed state"
[2026-08-06T07:05:51.485Z] 500 Error: Failed to fetch pipeline stats. Details: "Can't add new command when connection is in closed state"
[2026-08-06T07:05:51.511Z] 500 Error: Failed to fetch pipeline stats. Details: "Can't add new command when connection is in closed state"
[2026-08-06T07:05:51.532Z] 500 Error: Failed to fetch pipeline stats. Details: "Can't add new command when connection is in closed state"
[2026-08-06T07:05:51.554Z] 500 Error: Failed to fetch pipeline stats. Details: "Can't add new command when connection is in closed state"
[2026-08-06T07:05:51.573Z] 500 Error: Failed to fetch pipeline stats. Details: "Can't add new command when connection is in closed state"
[2026-08-06T07:05:51.593Z] 500 Error: Failed to fetch pipeline stats. Details: "Can't add new command when connection is in closed state"
[2026-08-06T07:05:51.613Z] 500 Error: Failed to fetch pipeline stats. Details: "Can't add new command when connection is in closed state"
[2026-08-06T07:05:51.635Z] 500 Error: Failed to fetch pipeline stats. Details: "Can't add new command when connection is in closed state"
[2026-08-06T07:05:51.661Z] 500 Error: Failed to fetch pipeline stats. Details: "Can't add new command when connection is in closed state"
[2026-08-06T07:05:51.681Z] 500 Error: Failed to fetch pipeline stats. Details: "Can't add new command when connection is in closed state"
[2026-08-06T07:05:51.707Z] 500 Error: Failed to fetch pipeline stats. Details: "Can't add new command when connection is in closed state"
[2026-08-06T07:05:51.734Z] 500 Error: Failed to fetch pipeline stats. Details: "Can't add new command when connection is in closed state"
[2026-08-06T07:05:51.761Z] 500 Error: Failed to fetch pipeline stats. Details: "Can't add new command when connection is in closed state"
[2026-08-06T07:05:51.782Z] 500 Error: Failed to fetch pipeline stats. Details: "Can't add new command when connection is in closed state"
[2026-08-06T07:05:51.807Z] 500 Error: Failed to fetch pipeline stats. Details: "Can't add new command when connection is in closed state"
[2026-08-06T07:05:51.832Z] 500 Error: Failed to fetch pipeline stats. Details: "Can't add new command when connection is in closed state"
[2026-08-06T07:05:51.857Z] 500 Error: Failed to fetch pipeline stats. Details: "Can't add new command when connection is in closed state"
[2026-08-06T07:05:51.879Z] 500 Error: Failed to fetch pipeline stats. Details: "Can't add new command when connection is in closed state"
[2026-08-06T07:05:51.903Z] 500 Error: Failed to fetch pipeline stats. Details: "Can't add new command when connection is in closed state"
[2026-08-06T07:05:51.957Z] 500 Error: Failed to fetch pipeline stats. Details: "Can't add new command when connection is in closed state"
[2026-08-06T07:05:52.008Z] 500 Error: Failed to fetch pipeline stats. Details: "Can't add new command when connection is in closed state"
[2026-08-06T07:05:52.064Z] 500 Error: Failed to fetch pipeline stats. Details: "Can't add new command when connection is in closed state"
[2026-08-06T07:05:52.256Z] 500 Error: Failed to fetch pipeline stats. Details: "Can't add new command when connection is in closed state"
[2026-08-06T07:05:52.383Z] 500 Error: Failed to fetch pipeline stats. Details: "Can't add new command when connection is in closed state"
[2026-08-06T07:05:52.458Z] 500 Error: Failed to fetch pipeline stats. Details: "Can't add new command when connection is in closed state"
[2026-08-06T07:05:52.517Z] 500 Error: Failed to fetch pipeline stats. Details: "Can't add new command when connection is in closed state"
[2026-08-06T07:05:52.578Z] 500 Error: Failed to fetch pipeline stats. Details: "Can't add new command when connection is in closed state"
[2026-08-06T07:05:52.645Z] 500 Error: Failed to fetch pipeline stats. Details: "Can't add new command when connection is in closed state"
[2026-08-06T07:05:52.715Z] 500 Error: Failed to fetch pipeline stats. Details: "Can't add new command when connection is in closed state"
[2026-08-06T07:05:52.791Z] 500 Error: Failed to fetch pipeline stats. Details: "Can't add new command when connection is in closed state"
[2026-08-06T07:05:52.874Z] 500 Error: Failed to fetch pipeline stats. Details: "Can't add new command when connection is in closed state"
[2026-08-06T07:05:52.939Z] 500 Error: Failed to fetch pipeline stats. Details: "Can't add new command when connection is in closed state"
[2026-08-06T07:05:52.995Z] 500 Error: Failed to fetch pipeline stats. Details: "Can't add new command when connection is in closed state"
[2026-08-06T07:05:53.043Z] 500 Error: Failed to fetch pipeline stats. Details: "Can't add new command when connection is in closed state"
[2026-08-06T07:05:53.103Z] 500 Error: Failed to fetch pipeline stats. Details: "Can't add new command when connection is in closed state"
[2026-08-06T07:05:53.166Z] 500 Error: Failed to fetch pipeline stats. Details: "Can't add new command when connection is in closed state"
[2026-08-06T07:05:53.272Z] 500 Error: Failed to fetch pipeline stats. Details: "Can't add new command when connection is in closed state"
[2026-08-06T07:05:53.315Z] 500 Error: Failed to fetch pipeline stats. Details: "Can't add new command when connection is in closed state"
[2026-08-06T07:05:53.358Z] 500 Error: Failed to fetch pipeline stats. Details: "Can't add new command when connection is in closed state"
[2026-08-06T07:05:53.399Z] 500 Error: Failed to fetch pipeline stats. Details: "Can't add new command when connection is in closed state"
[2026-08-06T07:05:53.445Z] 500 Error: Failed to fetch pipeline stats. Details: "Can't add new command when connection is in closed state"
[2026-08-06T07:05:53.494Z] 500 Error: Failed to fetch pipeline stats. Details: "Can't add new command when connection is in closed state"
[2026-08-06T07:05:53.533Z] 500 Error: Failed to fetch pipeline stats. Details: "Can't add new command when connection is in closed state"
[2026-08-06T07:05:53.581Z] 500 Error: Failed to fetch pipeline stats. Details: "Can't add new command when connection is in closed state"
[2026-08-06T07:05:53.618Z] 500 Error: Failed to fetch pipeline stats. Details: "Can't add new command when connection is in closed state"
[2026-08-06T07:05:53.666Z] 500 Error: Failed to fetch pipeline stats. Details: "Can't add new command when connection is in closed state"
[2026-08-06T07:05:53.707Z] 500 Error: Failed to fetch pipeline stats. Details: "Can't add new command when connection is in closed state"
[2026-08-06T07:05:53.753Z] 500 Error: Failed to fetch pipeline stats. Details: "Can't add new command when connection is in closed state"
[2026-08-06T07:05:53.798Z] 500 Error: Failed to fetch pipeline stats. Details: "Can't add new command when connection is in closed state"
[2026-08-06T07:05:53.895Z] 500 Error: Failed to fetch pipeline stats. Details: "Can't add new command when connection is in closed state"
[2026-08-06T07:05:53.982Z] 500 Error: Failed to fetch pipeline stats. Details: "Can't add new command when connection is in closed state"
[2026-08-06T07:05:54.043Z] 500 Error: Failed to fetch pipeline stats. Details: "Can't add new command when connection is in closed state"
[2026-08-06T07:05:54.096Z] 500 Error: Failed to fetch pipeline stats. Details: "Can't add new command when connection is in closed state"
[2026-08-06T07:05:54.145Z] 500 Error: Failed to fetch pipeline stats. Details: "Can't add new command when connection is in closed state"
[2026-08-06T07:05:54.201Z] 500 Error: Failed to fetch pipeline stats. Details: "Can't add new command when connection is in closed state"
[2026-08-06T07:05:54.230Z] 500 Error: Failed to fetch pipeline stats. Details: "Can't add new command when connection is in closed state"
[2026-08-06T07:05:54.266Z] 500 Error: Failed to fetch pipeline stats. Details: "Can't add new command when connection is in closed state"
[2026-08-06T07:05:54.315Z] 500 Error: Failed to fetch pipeline stats. Details: "Can't add new command when connection is in closed state"
[2026-08-06T07:05:54.365Z] 500 Error: Failed to fetch pipeline stats. Details: "Can't add new command when connection is in closed state"
[2026-08-06T07:05:54.417Z] 500 Error: Failed to fetch pipeline stats. Details: "Can't add new command when connection is in closed state"
[2026-08-06T07:05:54.469Z] 500 Error: Failed to fetch pipeline stats. Details: "Can't add new command when connection is in closed state"
[2026-08-06T07:05:54.525Z] 500 Error: Failed to fetch pipeline stats. Details: "Can't add new command when connection is in closed state"
[2026-08-06T07:05:54.577Z] 500 Error: Failed to fetch pipeline stats. Details: "Can't add new command when connection is in closed state"
[2026-08-06T07:05:54.625Z] 500 Error: Failed to fetch pipeline stats. Details: "Can't add new command when connection is in closed state"
[2026-08-06T07:05:54.664Z] 500 Error: Failed to fetch pipeline stats. Details: "Can't add new command when connection is in closed state"
[2026-08-06T07:05:54.714Z] 500 Error: Failed to fetch pipeline stats. Details: "Can't add new command when connection is in closed state"
[2026-08-06T07:05:54.760Z] 500 Error: Failed to fetch pipeline stats. Details: "Can't add new command when connection is in closed state"
[2026-08-06T07:05:54.807Z] 500 Error: Failed to fetch pipeline stats. Details: "Can't add new command when connection is in closed state"
[2026-08-06T07:05:54.863Z] 500 Error: Failed to fetch pipeline stats. Details: "Can't add new command when connection is in closed state"
[2026-08-06T07:05:54.901Z] 500 Error: Failed to fetch pipeline stats. Details: "Can't add new command when connection is in closed state"
[2026-08-06T07:05:54.933Z] 500 Error: Failed to fetch pipeline stats. Details: "Can't add new command when connection is in closed state"
[2026-08-06T07:05:54.965Z] 500 Error: Failed to fetch pipeline stats. Details: "Can't add new command when connection is in closed state"
[2026-08-06T07:05:54.996Z] 500 Error: Failed to fetch pipeline stats. Details: "Can't add new command when connection is in closed state"
[2026-08-06T07:05:55.034Z] 500 Error: Failed to fetch pipeline stats. Details: "Can't add new command when connection is in closed state"
[2026-08-06T07:05:55.115Z] 500 Error: Failed to fetch pipeline stats. Details: "Can't add new command when connection is in closed state"
[2026-08-06T07:05:55.148Z] 500 Error: Failed to fetch pipeline stats. Details: "Can't add new command when connection is in closed state"
[2026-08-06T07:05:55.177Z] 500 Error: Failed to fetch pipeline stats. Details: "Can't add new command when connection is in closed state"
[2026-08-06T07:05:55.209Z] 500 Error: Failed to fetch pipeline stats. Details: "Can't add new command when connection is in closed state"
[2026-08-06T07:05:55.240Z] 500 Error: Failed to fetch pipeline stats. Details: "Can't add new command when connection is in closed state"
[2026-08-06T07:05:55.265Z] 500 Error: Failed to fetch pipeline stats. Details: "Can't add new command when connection is in closed state"
[2026-08-06T07:05:55.295Z] 500 Error: Failed to fetch pipeline stats. Details: "Can't add new command when connection is in closed state"
[2026-08-06T07:05:55.320Z] 500 Error: Failed to fetch pipeline stats. Details: "Can't add new command when connection is in closed state"
[2026-08-06T07:05:55.351Z] 500 Error: Failed to fetch pipeline stats. Details: "Can't add new command when connection is in closed state"
[2026-08-06T07:05:55.379Z] 500 Error: Failed to fetch pipeline stats. Details: "Can't add new command when connection is in closed state"
[2026-08-06T07:05:55.408Z] 500 Error: Failed to fetch pipeline stats. Details: "Can't add new command when connection is in closed state"
[2026-08-06T07:05:55.440Z] 500 Error: Failed to fetch pipeline stats. Details: "Can't add new command when connection is in closed state"
[2026-08-06T07:05:55.464Z] 500 Error: Failed to fetch pipeline stats. Details: "Can't add new command when connection is in closed state"
[2026-08-06T07:05:55.495Z] 500 Error: Failed to fetch pipeline stats. Details: "Can't add new command when connection is in closed state"
[2026-08-06T07:05:55.532Z] 500 Error: Failed to fetch pipeline stats. Details: "Can't add new command when connection is in closed state"
[2026-08-06T07:05:55.563Z] 500 Error: Failed to fetch pipeline stats. Details: "Can't add new command when connection is in closed state"
[2026-08-06T07:05:55.590Z] 500 Error: Failed to fetch pipeline stats. Details: "Can't add new command when connection is in closed state"
[2026-08-06T07:05:55.625Z] 500 Error: Failed to fetch pipeline stats. Details: "Can't add new command when connection is in closed state"
[2026-08-06T07:05:55.651Z] 500 Error: Failed to fetch pipeline stats. Details: "Can't add new command when connection is in closed state"
[2026-08-06T07:05:55.682Z] 500 Error: Failed to fetch pipeline stats. Details: "Can't add new command when connection is in closed state"
[2026-08-06T07:05:55.714Z] 500 Error: Failed to fetch pipeline stats. Details: "Can't add new command when connection is in closed state"
[2026-08-06T07:05:55.744Z] 500 Error: Failed to fetch pipeline stats. Details: "Can't add new command when connection is in closed state"
[2026-08-06T07:05:55.784Z] 500 Error: Failed to fetch pipeline stats. Details: "Can't add new command when connection is in closed state"
[2026-08-06T07:05:55.808Z] 500 Error: Failed to fetch pipeline stats. Details: "Can't add new command when connection is in closed state"
[2026-08-06T07:05:55.840Z] 500 Error: Failed to fetch pipeline stats. Details: "Can't add new command when connection is in closed state"
[2026-08-06T07:05:55.889Z] 500 Error: Failed to fetch pipeline stats. Details: "Can't add new command when connection is in closed state"
[2026-08-06T07:05:55.942Z] 500 Error: Failed to fetch pipeline stats. Details: "Can't add new command when connection is in closed state"
[2026-08-06T07:05:55.994Z] 500 Error: Failed to fetch pipeline stats. Details: "Can't add new command when connection is in closed state"
[2026-08-06T07:05:56.043Z] 500 Error: Failed to fetch pipeline stats. Details: "Can't add new command when connection is in closed state"
[2026-08-06T07:05:56.105Z] 500 Error: Failed to fetch pipeline stats. Details: "Can't add new command when connection is in closed state"
[2026-08-06T07:05:56.153Z] 500 Error: Failed to fetch pipeline stats. Details: "Can't add new command when connection is in closed state"
[2026-08-06T07:05:56.203Z] 500 Error: Failed to fetch pipeline stats. Details: "Can't add new command when connection is in closed state"
[2026-08-06T07:05:56.256Z] 500 Error: Failed to fetch pipeline stats. Details: "Can't add new command when connection is in closed state"
[2026-08-06T07:05:56.307Z] 500 Error: Failed to fetch pipeline stats. Details: "Can't add new command when connection is in closed state"
[2026-08-06T07:05:56.350Z] 500 Error: Failed to fetch pipeline stats. Details: "Can't add new command when connection is in closed state"
[2026-08-06T07:05:56.397Z] 500 Error: Failed to fetch pipeline stats. Details: "Can't add new command when connection is in closed state"
[2026-08-06T07:05:56.432Z] 500 Error: Failed to fetch pipeline stats. Details: "Can't add new command when connection is in closed state"
[2026-08-06T07:05:56.463Z] 500 Error: Failed to fetch pipeline stats. Details: "Can't add new command when connection is in closed state"
[2026-08-06T07:05:56.505Z] 500 Error: Failed to fetch pipeline stats. Details: "Can't add new command when connection is in closed state"
[2026-08-06T07:05:56.545Z] 500 Error: Failed to fetch pipeline stats. Details: "Can't add new command when connection is in closed state"
[2026-08-06T07:05:56.581Z] 500 Error: Failed to fetch pipeline stats. Details: "Can't add new command when connection is in closed state"
[2026-08-06T07:05:56.616Z] 500 Error: Failed to fetch pipeline stats. Details: "Can't add new command when connection is in closed state"
[2026-08-06T07:05:56.666Z] 500 Error: Failed to fetch pipeline stats. Details: "Can't add new command when connection is in closed state"
[2026-08-06T07:05:56.714Z] 500 Error: Failed to fetch pipeline stats. Details: "Can't add new command when connection is in closed state"
[2026-08-06T07:05:56.766Z] 500 Error: Failed to fetch pipeline stats. Details: "Can't add new command when connection is in closed state"
[2026-08-06T07:05:56.818Z] 500 Error: Failed to fetch pipeline stats. Details: "Can't add new command when connection is in closed state"
[2026-08-06T07:05:56.862Z] 500 Error: Failed to fetch pipeline stats. Details: "Can't add new command when connection is in closed state"
[2026-08-06T07:05:56.910Z] 500 Error: Failed to fetch pipeline stats. Details: "Can't add new command when connection is in closed state"
[2026-08-06T07:05:56.952Z] 500 Error: Failed to fetch pipeline stats. Details: "Can't add new command when connection is in closed state"
[2026-08-06T07:05:56.995Z] 500 Error: Failed to fetch pipeline stats. Details: "Can't add new command when connection is in closed state"
[2026-08-06T07:05:57.036Z] 500 Error: Failed to fetch pipeline stats. Details: "Can't add new command when connection is in closed state"
[2026-08-06T07:05:57.087Z] 500 Error: Failed to fetch pipeline stats. Details: "Can't add new command when connection is in closed state"
[2026-08-06T07:05:57.159Z] 500 Error: Failed to fetch pipeline stats. Details: "Can't add new command when connection is in closed state"
[2026-08-06T07:05:57.195Z] 500 Error: Failed to fetch pipeline stats. Details: "Can't add new command when connection is in closed state"
[2026-08-06T07:05:57.234Z] 500 Error: Failed to fetch pipeline stats. Details: "Can't add new command when connection is in closed state"
[2026-08-06T07:05:57.275Z] 500 Error: Failed to fetch pipeline stats. Details: "Can't add new command when connection is in closed state"
[2026-08-06T07:05:57.313Z] 500 Error: Failed to fetch pipeline stats. Details: "Can't add new command when connection is in closed state"
[2026-08-06T07:05:57.334Z] 500 Error: Failed to fetch pipeline stats. Details: "Can't add new command when connection is in closed state"
[2026-08-06T07:05:57.361Z] 500 Error: Failed to fetch pipeline stats. Details: "Can't add new command when connection is in closed state"
[2026-08-06T07:05:57.400Z] 500 Error: Failed to fetch pipeline stats. Details: "Can't add new command when connection is in closed state"
[2026-08-06T07:05:57.436Z] 500 Error: Failed to fetch pipeline stats. Details: "Can't add new command when connection is in closed state"
[2026-08-06T07:05:57.468Z] 500 Error: Failed to fetch pipeline stats. Details: "Can't add new command when connection is in closed state"
[2026-08-06T07:05:57.508Z] 500 Error: Failed to fetch pipeline stats. Details: "Can't add new command when connection is in closed state"
[2026-08-06T07:05:57.547Z] 500 Error: Failed to fetch pipeline stats. Details: "Can't add new command when connection is in closed state"
[2026-08-06T07:05:57.582Z] 500 Error: Failed to fetch pipeline stats. Details: "Can't add new command when connection is in closed state"
[2026-08-06T07:05:57.625Z] 500 Error: Failed to fetch pipeline stats. Details: "Can't add new command when connection is in closed state"
[2026-08-06T07:05:57.659Z] 500 Error: Failed to fetch pipeline stats. Details: "Can't add new command when connection is in closed state"
[2026-08-06T07:05:57.701Z] 500 Error: Failed to fetch pipeline stats. Details: "Can't add new command when connection is in closed state"
[2026-08-06T07:05:57.739Z] 500 Error: Failed to fetch pipeline stats. Details: "Can't add new command when connection is in closed state"
[2026-08-06T07:05:57.773Z] 500 Error: Failed to fetch pipeline stats. Details: "Can't add new command when connection is in closed state"
[2026-08-06T07:05:57.814Z] 500 Error: Failed to fetch pipeline stats. Details: "Can't add new command when connection is in closed state"
[2026-08-06T07:05:57.834Z] 500 Error: Failed to fetch pipeline stats. Details: "Can't add new command when connection is in closed state"
[2026-08-06T07:05:57.877Z] 500 Error: Failed to fetch pipeline stats. Details: "Can't add new command when connection is in closed state"
[2026-08-06T07:05:57.929Z] 500 Error: Failed to fetch pipeline stats. Details: "Can't add new command when connection is in closed state"
[2026-08-06T07:05:57.983Z] 500 Error: Failed to fetch pipeline stats. Details: "Can't add new command when connection is in closed state"
[2026-08-06T07:05:58.020Z] 500 Error: Failed to fetch pipeline stats. Details: "Can't add new command when connection is in closed state"
[2026-08-06T07:05:58.058Z] 500 Error: Failed to fetch pipeline stats. Details: "Can't add new command when connection is in closed state"
[2026-08-06T07:05:58.096Z] 500 Error: Failed to fetch pipeline stats. Details: "Can't add new command when connection is in closed state"
[2026-08-06T07:05:58.138Z] 500 Error: Failed to fetch pipeline stats. Details: "Can't add new command when connection is in closed state"
[2026-08-06T07:05:58.193Z] 500 Error: Failed to fetch pipeline stats. Details: "Can't add new command when connection is in closed state"
[2026-08-06T07:05:58.246Z] 500 Error: Failed to fetch pipeline stats. Details: "Can't add new command when connection is in closed state"
[2026-08-06T07:05:58.288Z] 500 Error: Failed to fetch pipeline stats. Details: "Can't add new command when connection is in closed state"
[2026-08-06T07:05:58.332Z] 500 Error: Failed to fetch pipeline stats. Details: "Can't add new command when connection is in closed state"
[2026-08-06T07:05:58.384Z] 500 Error: Failed to fetch pipeline stats. Details: "Can't add new command when connection is in closed state"
[2026-08-06T07:05:58.429Z] 500 Error: Failed to fetch pipeline stats. Details: "Can't add new command when connection is in closed state"
[2026-08-06T07:05:58.489Z] 500 Error: Failed to fetch pipeline stats. Details: "Can't add new command when connection is in closed state"
[2026-08-06T07:05:58.542Z] 500 Error: Failed to fetch pipeline stats. Details: "Can't add new command when connection is in closed state"
[2026-08-06T07:05:58.606Z] 500 Error: Failed to fetch pipeline stats. Details: "Can't add new command when connection is in closed state"
[2026-08-06T07:05:58.661Z] 500 Error: Failed to fetch pipeline stats. Details: "Can't add new command when connection is in closed state"
[2026-08-06T07:05:58.720Z] 500 Error: Failed to fetch pipeline stats. Details: "Can't add new command when connection is in closed state"
[2026-08-06T07:05:58.778Z] 500 Error: Failed to fetch pipeline stats. Details: "Can't add new command when connection is in closed state"
[2026-08-06T07:05:58.834Z] 500 Error: Failed to fetch pipeline stats. Details: "Can't add new command when connection is in closed state"
[2026-08-06T07:05:58.892Z] 500 Error: Failed to fetch pipeline stats. Details: "Can't add new command when connection is in closed state"
[2026-08-06T07:05:58.934Z] 500 Error: Failed to fetch pipeline stats. Details: "Can't add new command when connection is in closed state"
[2026-08-06T07:05:58.980Z] 500 Error: Failed to fetch pipeline stats. Details: "Can't add new command when connection is in closed state"
[2026-08-06T07:05:59.026Z] 500 Error: Failed to fetch pipeline stats. Details: "Can't add new command when connection is in closed state"
[2026-08-06T07:05:59.071Z] 500 Error: Failed to fetch pipeline stats. Details: "Can't add new command when connection is in closed state"
[2026-08-06T07:05:59.153Z] 500 Error: Failed to fetch pipeline stats. Details: "Can't add new command when connection is in closed state"
[2026-08-06T07:05:59.190Z] 500 Error: Failed to fetch pipeline stats. Details: "Can't add new command when connection is in closed state"
[2026-08-06T07:05:59.227Z] 500 Error: Failed to fetch pipeline stats. Details: "Can't add new command when connection is in closed state"
[2026-08-06T07:05:59.263Z] 500 Error: Failed to fetch pipeline stats. Details: "Can't add new command when connection is in closed state"
[2026-08-06T07:05:59.300Z] 500 Error: Failed to fetch pipeline stats. Details: "Can't add new command when connection is in closed state"
[2026-08-06T07:05:59.320Z] 500 Error: Failed to fetch pipeline stats. Details: "Can't add new command when connection is in closed state"
[2026-08-06T07:05:59.352Z] 500 Error: Failed to fetch pipeline stats. Details: "Can't add new command when connection is in closed state"
[2026-08-06T07:05:59.382Z] 500 Error: Failed to fetch pipeline stats. Details: "Can't add new command when connection is in closed state"
[2026-08-06T07:05:59.410Z] 500 Error: Failed to fetch pipeline stats. Details: "Can't add new command when connection is in closed state"
[2026-08-06T07:05:59.448Z] 500 Error: Failed to fetch pipeline stats. Details: "Can't add new command when connection is in closed state"
[2026-08-06T07:05:59.474Z] 500 Error: Failed to fetch pipeline stats. Details: "Can't add new command when connection is in closed state"
[2026-08-06T07:05:59.509Z] 500 Error: Failed to fetch pipeline stats. Details: "Can't add new command when connection is in closed state"
[2026-08-06T07:05:59.544Z] 500 Error: Failed to fetch pipeline stats. Details: "Can't add new command when connection is in closed state"
[2026-08-06T07:05:59.577Z] 500 Error: Failed to fetch pipeline stats. Details: "Can't add new command when connection is in closed state"
[2026-08-06T07:05:59.618Z] 500 Error: Failed to fetch pipeline stats. Details: "Can't add new command when connection is in closed state"
[2026-08-06T07:05:59.653Z] 500 Error: Failed to fetch pipeline stats. Details: "Can't add new command when connection is in closed state"
[2026-08-06T07:05:59.693Z] 500 Error: Failed to fetch pipeline stats. Details: "Can't add new command when connection is in closed state"
[2026-08-06T07:05:59.725Z] 500 Error: Failed to fetch pipeline stats. Details: "Can't add new command when connection is in closed state"
[2026-08-06T07:05:59.755Z] 500 Error: Failed to fetch pipeline stats. Details: "Can't add new command when connection is in closed state"
[2026-08-06T07:05:59.791Z] 500 Error: Failed to fetch pipeline stats. Details: "Can't add new command when connection is in closed state"
[2026-08-06T07:05:59.822Z] 500 Error: Failed to fetch pipeline stats. Details: "Can't add new command when connection is in closed state"
[2026-08-06T07:05:59.849Z] 500 Error: Failed to fetch pipeline stats. Details: "Can't add new command when connection is in closed state"
[2026-08-06T07:05:59.896Z] 500 Error: Failed to fetch pipeline stats. Details: "Can't add new command when connection is in closed state"
[2026-08-06T07:05:59.942Z] 500 Error: Failed to fetch pipeline stats. Details: "Can't add new command when connection is in closed state"
[2026-08-06T07:05:59.985Z] 500 Error: Failed to fetch pipeline stats. Details: "Can't add new command when connection is in closed state"
[2026-08-06T07:06:00.051Z] 500 Error: Failed to fetch pipeline stats. Details: "Can't add new command when connection is in closed state"
[2026-08-06T07:06:00.111Z] 500 Error: Failed to fetch pipeline stats. Details: "Can't add new command when connection is in closed state"
[2026-08-06T07:06:00.166Z] 500 Error: Failed to fetch pipeline stats. Details: "Can't add new command when connection is in closed state"
[2026-08-06T07:06:00.226Z] 500 Error: Failed to fetch pipeline stats. Details: "Can't add new command when connection is in closed state"
[2026-08-06T07:06:00.281Z] 500 Error: Failed to fetch pipeline stats. Details: "Can't add new command when connection is in closed state"
[2026-08-06T07:06:00.331Z] 500 Error: Failed to fetch pipeline stats. Details: "Can't add new command when connection is in closed state"
[2026-08-06T07:06:00.383Z] 500 Error: Failed to fetch pipeline stats. Details: "Can't add new command when connection is in closed state"
[2026-08-06T07:06:00.435Z] 500 Error: Failed to fetch pipeline stats. Details: "Can't add new command when connection is in closed state"
[2026-08-06T07:06:00.486Z] 500 Error: Failed to fetch pipeline stats. Details: "Can't add new command when connection is in closed state"
[2026-08-06T07:06:00.530Z] 500 Error: Failed to fetch pipeline stats. Details: "Can't add new command when connection is in closed state"
[2026-08-06T07:06:00.568Z] 500 Error: Failed to fetch pipeline stats. Details: "Can't add new command when connection is in closed state"
[2026-08-06T07:06:00.603Z] 500 Error: Failed to fetch pipeline stats. Details: "Can't add new command when connection is in closed state"
[2026-08-06T07:06:00.639Z] 500 Error: Failed to fetch pipeline stats. Details: "Can't add new command when connection is in closed state"
[2026-08-06T07:06:00.676Z] 500 Error: Failed to fetch pipeline stats. Details: "Can't add new command when connection is in closed state"
[2026-08-06T07:06:00.722Z] 500 Error: Failed to fetch pipeline stats. Details: "Can't add new command when connection is in closed state"
[2026-08-06T07:06:00.757Z] 500 Error: Failed to fetch pipeline stats. Details: "Can't add new command when connection is in closed state"
[2026-08-06T07:06:00.814Z] 500 Error: Failed to fetch pipeline stats. Details: "Can't add new command when connection is in closed state"
[2026-08-06T07:06:00.873Z] 500 Error: Failed to fetch pipeline stats. Details: "Can't add new command when connection is in closed state"
[2026-08-06T07:06:00.913Z] 500 Error: Failed to fetch pipeline stats. Details: "Can't add new command when connection is in closed state"
[2026-08-06T07:06:00.946Z] 500 Error: Failed to fetch pipeline stats. Details: "Can't add new command when connection is in closed state"
[2026-08-06T07:06:00.977Z] 500 Error: Failed to fetch pipeline stats. Details: "Can't add new command when connection is in closed state"
[2026-08-06T07:06:01.011Z] 500 Error: Failed to fetch pipeline stats. Details: "Can't add new command when connection is in closed state"
[2026-08-06T07:06:01.094Z] 500 Error: Failed to fetch pipeline stats. Details: "Can't add new command when connection is in closed state"
[2026-08-06T07:06:01.130Z] 500 Error: Failed to fetch pipeline stats. Details: "Can't add new command when connection is in closed state"
[2026-08-06T07:06:01.164Z] 500 Error: Failed to fetch pipeline stats. Details: "Can't add new command when connection is in closed state"
[2026-08-06T07:06:01.203Z] 500 Error: Failed to fetch pipeline stats. Details: "Can't add new command when connection is in closed state"
[2026-08-06T07:06:01.247Z] 500 Error: Failed to fetch pipeline stats. Details: "Can't add new command when connection is in closed state"
[2026-08-06T07:06:01.275Z] 500 Error: Failed to fetch pipeline stats. Details: "Can't add new command when connection is in closed state"
[2026-08-06T07:06:01.311Z] 500 Error: Failed to fetch pipeline stats. Details: "Can't add new command when connection is in closed state"
[2026-08-06T07:06:01.342Z] 500 Error: Failed to fetch pipeline stats. Details: "Can't add new command when connection is in closed state"
[2026-08-06T07:06:01.378Z] 500 Error: Failed to fetch pipeline stats. Details: "Can't add new command when connection is in closed state"
[2026-08-06T07:06:01.416Z] 500 Error: Failed to fetch pipeline stats. Details: "Can't add new command when connection is in closed state"
[2026-08-06T07:06:01.449Z] 500 Error: Failed to fetch pipeline stats. Details: "Can't add new command when connection is in closed state"
[2026-08-06T07:06:01.478Z] 500 Error: Failed to fetch pipeline stats. Details: "Can't add new command when connection is in closed state"
[2026-08-06T07:06:01.506Z] 500 Error: Failed to fetch pipeline stats. Details: "Can't add new command when connection is in closed state"
[2026-08-06T07:06:01.539Z] 500 Error: Failed to fetch pipeline stats. Details: "Can't add new command when connection is in closed state"
[2026-08-06T07:06:01.576Z] 500 Error: Failed to fetch pipeline stats. Details: "Can't add new command when connection is in closed state"
[2026-08-06T07:06:01.613Z] 500 Error: Failed to fetch pipeline stats. Details: "Can't add new command when connection is in closed state"
[2026-08-06T07:06:01.645Z] 500 Error: Failed to fetch pipeline stats. Details: "Can't add new command when connection is in closed state"
[2026-08-06T07:06:01.678Z] 500 Error: Failed to fetch pipeline stats. Details: "Can't add new command when connection is in closed state"
[2026-08-06T07:06:01.722Z] 500 Error: Failed to fetch pipeline stats. Details: "Can't add new command when connection is in closed state"
[2026-08-06T07:06:01.757Z] 500 Error: Failed to fetch pipeline stats. Details: "Can't add new command when connection is in closed state"
[2026-08-06T07:06:01.793Z] 500 Error: Failed to fetch pipeline stats. Details: "Can't add new command when connection is in closed state"
[2026-08-06T07:06:01.849Z] 500 Error: Failed to fetch pipeline stats. Details: "Can't add new command when connection is in closed state"
[2026-08-06T07:06:01.902Z] 500 Error: Failed to fetch pipeline stats. Details: "Can't add new command when connection is in closed state"
[2026-08-06T07:06:01.959Z] 500 Error: Failed to fetch pipeline stats. Details: "Can't add new command when connection is in closed state"
[2026-08-06T07:06:02.017Z] 500 Error: Failed to fetch pipeline stats. Details: "Can't add new command when connection is in closed state"
[2026-08-06T07:06:02.072Z] 500 Error: Failed to fetch pipeline stats. Details: "Can't add new command when connection is in closed state"
[2026-08-06T07:06:02.117Z] 500 Error: Failed to fetch pipeline stats. Details: "Can't add new command when connection is in closed state"
[2026-08-06T07:06:02.174Z] 500 Error: Failed to fetch pipeline stats. Details: "Can't add new command when connection is in closed state"
[2026-08-06T07:06:02.245Z] 500 Error: Failed to fetch pipeline stats. Details: "Can't add new command when connection is in closed state"
[2026-08-06T07:06:02.291Z] 500 Error: Failed to fetch pipeline stats. Details: "Can't add new command when connection is in closed state"
[2026-08-06T07:06:02.354Z] 500 Error: Failed to fetch pipeline stats. Details: "Can't add new command when connection is in closed state"
[2026-08-06T07:06:02.405Z] 500 Error: Failed to fetch pipeline stats. Details: "Can't add new command when connection is in closed state"
[2026-08-06T07:06:02.456Z] 500 Error: Failed to fetch pipeline stats. Details: "Can't add new command when connection is in closed state"
[2026-08-06T07:06:02.500Z] 500 Error: Failed to fetch pipeline stats. Details: "Can't add new command when connection is in closed state"
[2026-08-06T07:06:02.544Z] 500 Error: Failed to fetch pipeline stats. Details: "Can't add new command when connection is in closed state"
[2026-08-06T07:06:02.602Z] 500 Error: Failed to fetch pipeline stats. Details: "Can't add new command when connection is in closed state"
[2026-08-06T07:06:02.659Z] 500 Error: Failed to fetch pipeline stats. Details: "Can't add new command when connection is in closed state"
[2026-08-06T07:06:02.720Z] 500 Error: Failed to fetch pipeline stats. Details: "Can't add new command when connection is in closed state"
[2026-08-06T07:06:02.773Z] 500 Error: Failed to fetch pipeline stats. Details: "Can't add new command when connection is in closed state"
[2026-08-06T07:06:02.832Z] 500 Error: Failed to fetch pipeline stats. Details: "Can't add new command when connection is in closed state"
[2026-08-06T07:06:02.889Z] 500 Error: Failed to fetch pipeline stats. Details: "Can't add new command when connection is in closed state"
[2026-08-06T07:06:02.919Z] 500 Error: Failed to fetch pipeline stats. Details: "Can't add new command when connection is in closed state"
[2026-08-06T07:06:02.953Z] 500 Error: Failed to fetch pipeline stats. Details: "Can't add new command when connection is in closed state"
[2026-08-06T07:06:02.993Z] 500 Error: Failed to fetch pipeline stats. Details: "Can't add new command when connection is in closed state"
[2026-08-06T07:06:03.033Z] 500 Error: Failed to fetch pipeline stats. Details: "Can't add new command when connection is in closed state"
[2026-08-06T07:06:03.073Z] 500 Error: Failed to fetch pipeline stats. Details: "Can't add new command when connection is in closed state"
[2026-08-06T07:06:03.124Z] 500 Error: Failed to fetch pipeline stats. Details: "Can't add new command when connection is in closed state"
[2026-08-06T07:06:03.203Z] 500 Error: Failed to fetch pipeline stats. Details: "Can't add new command when connection is in closed state"
[2026-08-06T07:06:03.234Z] 500 Error: Failed to fetch pipeline stats. Details: "Can't add new command when connection is in closed state"
[2026-08-06T07:06:03.259Z] 500 Error: Failed to fetch pipeline stats. Details: "Can't add new command when connection is in closed state"
[2026-08-06T07:06:03.290Z] 500 Error: Failed to fetch pipeline stats. Details: "Can't add new command when connection is in closed state"
[2026-08-06T07:06:03.318Z] 500 Error: Failed to fetch pipeline stats. Details: "Can't add new command when connection is in closed state"
[2026-08-06T07:06:03.341Z] 500 Error: Failed to fetch pipeline stats. Details: "Can't add new command when connection is in closed state"
[2026-08-06T07:06:03.371Z] 500 Error: Failed to fetch pipeline stats. Details: "Can't add new command when connection is in closed state"
[2026-08-06T07:06:03.406Z] 500 Error: Failed to fetch pipeline stats. Details: "Can't add new command when connection is in closed state"
[2026-08-06T07:06:03.435Z] 500 Error: Failed to fetch pipeline stats. Details: "Can't add new command when connection is in closed state"
[2026-08-06T07:06:03.469Z] 500 Error: Failed to fetch pipeline stats. Details: "Can't add new command when connection is in closed state"
[2026-08-06T07:06:03.502Z] 500 Error: Failed to fetch pipeline stats. Details: "Can't add new command when connection is in closed state"
[2026-08-06T07:06:03.538Z] 500 Error: Failed to fetch pipeline stats. Details: "Can't add new command when connection is in closed state"
[2026-08-06T07:06:03.565Z] 500 Error: Failed to fetch pipeline stats. Details: "Can't add new command when connection is in closed state"
[2026-08-06T07:06:03.586Z] 500 Error: Failed to fetch pipeline stats. Details: "Can't add new command when connection is in closed state"
[2026-08-06T07:06:03.615Z] 500 Error: Failed to fetch pipeline stats. Details: "Can't add new command when connection is in closed state"
[2026-08-06T07:06:03.646Z] 500 Error: Failed to fetch pipeline stats. Details: "Can't add new command when connection is in closed state"
[2026-08-06T07:06:03.686Z] 500 Error: Failed to fetch pipeline stats. Details: "Can't add new command when connection is in closed state"
[2026-08-06T07:06:03.716Z] 500 Error: Failed to fetch pipeline stats. Details: "Can't add new command when connection is in closed state"
[2026-08-06T07:06:03.758Z] 500 Error: Failed to fetch pipeline stats. Details: "Can't add new command when connection is in closed state"
[2026-08-06T07:06:03.790Z] 500 Error: Failed to fetch pipeline stats. Details: "Can't add new command when connection is in closed state"
[2026-08-06T07:06:03.820Z] 500 Error: Failed to fetch pipeline stats. Details: "Can't add new command when connection is in closed state"
[2026-08-06T07:06:03.864Z] 500 Error: Failed to fetch pipeline stats. Details: "Can't add new command when connection is in closed state"
[2026-08-06T07:06:03.890Z] 500 Error: Failed to fetch pipeline stats. Details: "Can't add new command when connection is in closed state"
[2026-08-06T07:06:03.921Z] 500 Error: Failed to fetch pipeline stats. Details: "Can't add new command when connection is in closed state"
[2026-08-06T07:06:03.963Z] 500 Error: Failed to fetch pipeline stats. Details: "Can't add new command when connection is in closed state"
[2026-08-06T07:06:03.997Z] 500 Error: Failed to fetch pipeline stats. Details: "Can't add new command when connection is in closed state"
[2026-08-06T07:06:04.050Z] 500 Error: Failed to fetch pipeline stats. Details: "Can't add new command when connection is in closed state"
[2026-08-06T07:06:04.097Z] 500 Error: Failed to fetch pipeline stats. Details: "Can't add new command when connection is in closed state"
[2026-08-06T07:06:04.127Z] 500 Error: Failed to fetch pipeline stats. Details: "Can't add new command when connection is in closed state"
[2026-08-06T07:06:04.177Z] 500 Error: Failed to fetch pipeline stats. Details: "Can't add new command when connection is in closed state"
[2026-08-06T07:06:04.228Z] 500 Error: Failed to fetch pipeline stats. Details: "Can't add new command when connection is in closed state"
[2026-08-06T07:06:04.259Z] 500 Error: Failed to fetch pipeline stats. Details: "Can't add new command when connection is in closed state"
[2026-08-06T07:06:04.305Z] 500 Error: Failed to fetch pipeline stats. Details: "Can't add new command when connection is in closed state"
[2026-08-06T07:06:04.352Z] 500 Error: Failed to fetch pipeline stats. Details: "Can't add new command when connection is in closed state"
[2026-08-06T07:06:04.395Z] 500 Error: Failed to fetch pipeline stats. Details: "Can't add new command when connection is in closed state"
[2026-08-06T07:06:04.450Z] 500 Error: Failed to fetch pipeline stats. Details: "Can't add new command when connection is in closed state"
[2026-08-06T07:06:04.495Z] 500 Error: Failed to fetch pipeline stats. Details: "Can't add new command when connection is in closed state"
[2026-08-06T07:06:04.528Z] 500 Error: Failed to fetch pipeline stats. Details: "Can't add new command when connection is in closed state"
[2026-08-06T07:06:04.585Z] 500 Error: Failed to fetch pipeline stats. Details: "Can't add new command when connection is in closed state"
[2026-08-06T07:06:04.635Z] 500 Error: Failed to fetch pipeline stats. Details: "Can't add new command when connection is in closed state"
[2026-08-06T07:06:04.679Z] 500 Error: Failed to fetch pipeline stats. Details: "Can't add new command when connection is in closed state"
[2026-08-06T07:06:04.724Z] 500 Error: Failed to fetch pipeline stats. Details: "Can't add new command when connection is in closed state"
[2026-08-06T07:06:04.783Z] 500 Error: Failed to fetch pipeline stats. Details: "Can't add new command when connection is in closed state"
[2026-08-06T07:06:04.834Z] 500 Error: Failed to fetch pipeline stats. Details: "Can't add new command when connection is in closed state"
[2026-08-06T07:06:04.859Z] 500 Error: Failed to fetch pipeline stats. Details: "Can't add new command when connection is in closed state"
[2026-08-06T07:06:04.942Z] 500 Error: Failed to fetch pipeline stats. Details: "Can't add new command when connection is in closed state"
[2026-08-06T07:06:04.978Z] 500 Error: Failed to fetch pipeline stats. Details: "Can't add new command when connection is in closed state"
[2026-08-06T07:06:05.019Z] 500 Error: Failed to fetch pipeline stats. Details: "Can't add new command when connection is in closed state"
[2026-08-06T07:06:05.058Z] 500 Error: Failed to fetch pipeline stats. Details: "Can't add new command when connection is in closed state"
[2026-08-06T07:06:05.098Z] 500 Error: Failed to fetch pipeline stats. Details: "Can't add new command when connection is in closed state"
[2026-08-06T07:06:05.130Z] 500 Error: Failed to fetch pipeline stats. Details: "Can't add new command when connection is in closed state"
[2026-08-06T07:06:05.168Z] 500 Error: Failed to fetch pipeline stats. Details: "Can't add new command when connection is in closed state"
[2026-08-06T07:06:05.194Z] 500 Error: Failed to fetch pipeline stats. Details: "Can't add new command when connection is in closed state"
[2026-08-06T07:06:05.230Z] 500 Error: Failed to fetch pipeline stats. Details: "Can't add new command when connection is in closed state"
[2026-08-06T07:06:05.271Z] 500 Error: Failed to fetch pipeline stats. Details: "Can't add new command when connection is in closed state"
[2026-08-06T07:06:05.310Z] 500 Error: Failed to fetch pipeline stats. Details: "Can't add new command when connection is in closed state"
[2026-08-06T07:06:05.348Z] 500 Error: Failed to fetch pipeline stats. Details: "Can't add new command when connection is in closed state"
[2026-08-06T07:06:05.390Z] 500 Error: Failed to fetch pipeline stats. Details: "Can't add new command when connection is in closed state"
[2026-08-06T07:06:05.420Z] 500 Error: Failed to fetch pipeline stats. Details: "Can't add new command when connection is in closed state"
[2026-08-06T07:06:05.463Z] 500 Error: Failed to fetch pipeline stats. Details: "Can't add new command when connection is in closed state"
[2026-08-06T07:06:05.502Z] 500 Error: Failed to fetch pipeline stats. Details: "Can't add new command when connection is in closed state"
[2026-08-06T07:06:05.538Z] 500 Error: Failed to fetch pipeline stats. Details: "Can't add new command when connection is in closed state"
[2026-08-06T07:06:05.576Z] 500 Error: Failed to fetch pipeline stats. Details: "Can't add new command when connection is in closed state"
[2026-08-06T07:06:05.612Z] 500 Error: Failed to fetch pipeline stats. Details: "Can't add new command when connection is in closed state"
[2026-08-06T07:06:05.650Z] 500 Error: Failed to fetch pipeline stats. Details: "Can't add new command when connection is in closed state"
[2026-08-06T07:06:05.687Z] 500 Error: Failed to fetch pipeline stats. Details: "Can't add new command when connection is in closed state"
[2026-08-06T07:06:05.729Z] 500 Error: Failed to fetch pipeline stats. Details: "Can't add new command when connection is in closed state"
[2026-08-06T07:06:05.797Z] 500 Error: Failed to fetch pipeline stats. Details: "Can't add new command when connection is in closed state"
[2026-08-06T07:06:05.855Z] 500 Error: Failed to fetch pipeline stats. Details: "Can't add new command when connection is in closed state"
[2026-08-06T07:06:05.914Z] 500 Error: Failed to fetch pipeline stats. Details: "Can't add new command when connection is in closed state"
[2026-08-06T07:06:05.964Z] 500 Error: Failed to fetch pipeline stats. Details: "Can't add new command when connection is in closed state"
[2026-08-06T07:06:06.015Z] 500 Error: Failed to fetch pipeline stats. Details: "Can't add new command when connection is in closed state"
[2026-08-06T07:06:06.068Z] 500 Error: Failed to fetch pipeline stats. Details: "Can't add new command when connection is in closed state"
[2026-08-06T07:06:06.117Z] 500 Error: Failed to fetch pipeline stats. Details: "Can't add new command when connection is in closed state"
[2026-08-06T07:06:06.160Z] 500 Error: Failed to fetch pipeline stats. Details: "Can't add new command when connection is in closed state"
[2026-08-06T07:06:06.207Z] 500 Error: Failed to fetch pipeline stats. Details: "Can't add new command when connection is in closed state"
[2026-08-06T07:06:06.241Z] 500 Error: Failed to fetch pipeline stats. Details: "Can't add new command when connection is in closed state"
[2026-08-06T07:06:06.287Z] 500 Error: Failed to fetch pipeline stats. Details: "Can't add new command when connection is in closed state"
[2026-08-06T07:06:06.329Z] 500 Error: Failed to fetch pipeline stats. Details: "Can't add new command when connection is in closed state"
[2026-08-06T07:06:06.370Z] 500 Error: Failed to fetch pipeline stats. Details: "Can't add new command when connection is in closed state"
[2026-08-06T07:06:06.394Z] 500 Error: Failed to fetch pipeline stats. Details: "Can't add new command when connection is in closed state"
[2026-08-06T07:06:06.429Z] 500 Error: Failed to fetch pipeline stats. Details: "Can't add new command when connection is in closed state"
[2026-08-06T07:06:06.479Z] 500 Error: Failed to fetch pipeline stats. Details: "Can't add new command when connection is in closed state"
[2026-08-06T07:06:06.522Z] 500 Error: Failed to fetch pipeline stats. Details: "Can't add new command when connection is in closed state"
[2026-08-06T07:06:06.572Z] 500 Error: Failed to fetch pipeline stats. Details: "Can't add new command when connection is in closed state"
[2026-08-06T07:06:06.628Z] 500 Error: Failed to fetch pipeline stats. Details: "Can't add new command when connection is in closed state"
[2026-08-06T07:06:06.663Z] 500 Error: Failed to fetch pipeline stats. Details: "Can't add new command when connection is in closed state"
[2026-08-06T07:06:06.705Z] 500 Error: Failed to fetch pipeline stats. Details: "Can't add new command when connection is in closed state"
[2026-08-06T07:06:06.752Z] 500 Error: Failed to fetch pipeline stats. Details: "Can't add new command when connection is in closed state"
[2026-08-06T07:06:06.806Z] 500 Error: Failed to fetch pipeline stats. Details: "Can't add new command when connection is in closed state"
[2026-08-06T07:06:06.864Z] 500 Error: Failed to fetch pipeline stats. Details: "Can't add new command when connection is in closed state"
[2026-08-06T07:06:06.944Z] 500 Error: Failed to fetch pipeline stats. Details: "Can't add new command when connection is in closed state"
[2026-08-06T07:06:06.978Z] 500 Error: Failed to fetch pipeline stats. Details: "Can't add new command when connection is in closed state"
[2026-08-06T07:06:07.015Z] 500 Error: Failed to fetch pipeline stats. Details: "Can't add new command when connection is in closed state"
[2026-08-06T07:06:07.054Z] 500 Error: Failed to fetch pipeline stats. Details: "Can't add new command when connection is in closed state"
[2026-08-06T07:06:07.088Z] 500 Error: Failed to fetch pipeline stats. Details: "Can't add new command when connection is in closed state"
[2026-08-06T07:06:07.125Z] 500 Error: Failed to fetch pipeline stats. Details: "Can't add new command when connection is in closed state"
[2026-08-06T07:06:07.151Z] 500 Error: Failed to fetch pipeline stats. Details: "Can't add new command when connection is in closed state"
[2026-08-06T07:06:07.181Z] 500 Error: Failed to fetch pipeline stats. Details: "Can't add new command when connection is in closed state"
[2026-08-06T07:06:07.203Z] 500 Error: Failed to fetch pipeline stats. Details: "Can't add new command when connection is in closed state"
[2026-08-06T07:06:07.233Z] 500 Error: Failed to fetch pipeline stats. Details: "Can't add new command when connection is in closed state"
[2026-08-06T07:06:07.264Z] 500 Error: Failed to fetch pipeline stats. Details: "Can't add new command when connection is in closed state"
[2026-08-06T07:06:07.298Z] 500 Error: Failed to fetch pipeline stats. Details: "Can't add new command when connection is in closed state"
[2026-08-06T07:06:07.337Z] 500 Error: Failed to fetch pipeline stats. Details: "Can't add new command when connection is in closed state"
[2026-08-06T07:06:07.371Z] 500 Error: Failed to fetch pipeline stats. Details: "Can't add new command when connection is in closed state"
[2026-08-06T07:06:07.409Z] 500 Error: Failed to fetch pipeline stats. Details: "Can't add new command when connection is in closed state"
[2026-08-06T07:06:07.444Z] 500 Error: Failed to fetch pipeline stats. Details: "Can't add new command when connection is in closed state"
[2026-08-06T07:06:07.476Z] 500 Error: Failed to fetch pipeline stats. Details: "Can't add new command when connection is in closed state"
[2026-08-06T07:06:07.516Z] 500 Error: Failed to fetch pipeline stats. Details: "Can't add new command when connection is in closed state"
[2026-08-06T07:06:07.551Z] 500 Error: Failed to fetch pipeline stats. Details: "Can't add new command when connection is in closed state"
[2026-08-06T07:06:07.586Z] 500 Error: Failed to fetch pipeline stats. Details: "Can't add new command when connection is in closed state"
[2026-08-06T07:06:07.614Z] 500 Error: Failed to fetch pipeline stats. Details: "Can't add new command when connection is in closed state"
[2026-08-06T07:06:07.648Z] 500 Error: Failed to fetch pipeline stats. Details: "Can't add new command when connection is in closed state"
[2026-08-06T07:06:07.705Z] 500 Error: Failed to fetch pipeline stats. Details: "Can't add new command when connection is in closed state"
[2026-08-06T07:06:07.766Z] 500 Error: Failed to fetch pipeline stats. Details: "Can't add new command when connection is in closed state"
[2026-08-06T07:06:07.823Z] 500 Error: Failed to fetch pipeline stats. Details: "Can't add new command when connection is in closed state"
[2026-08-06T07:06:07.889Z] 500 Error: Failed to fetch pipeline stats. Details: "Can't add new command when connection is in closed state"
[2026-08-06T07:06:07.930Z] 500 Error: Failed to fetch pipeline stats. Details: "Can't add new command when connection is in closed state"
[2026-08-06T07:06:07.973Z] 500 Error: Failed to fetch pipeline stats. Details: "Can't add new command when connection is in closed state"
[2026-08-06T07:06:08.002Z] 500 Error: Failed to fetch pipeline stats. Details: "Can't add new command when connection is in closed state"
[2026-08-06T07:06:08.048Z] 500 Error: Failed to fetch pipeline stats. Details: "Can't add new command when connection is in closed state"
[2026-08-06T07:06:08.108Z] 500 Error: Failed to fetch pipeline stats. Details: "Can't add new command when connection is in closed state"
[2026-08-06T07:06:08.155Z] 500 Error: Failed to fetch pipeline stats. Details: "Can't add new command when connection is in closed state"
[2026-08-06T07:06:08.201Z] 500 Error: Failed to fetch pipeline stats. Details: "Can't add new command when connection is in closed state"
[2026-08-06T07:06:08.231Z] 500 Error: Failed to fetch pipeline stats. Details: "Can't add new command when connection is in closed state"
[2026-08-06T07:06:08.280Z] 500 Error: Failed to fetch pipeline stats. Details: "Can't add new command when connection is in closed state"
[2026-08-06T07:06:08.317Z] 500 Error: Failed to fetch pipeline stats. Details: "Can't add new command when connection is in closed state"
[2026-08-06T07:06:08.362Z] 500 Error: Failed to fetch pipeline stats. Details: "Can't add new command when connection is in closed state"
[2026-08-06T07:06:08.413Z] 500 Error: Failed to fetch pipeline stats. Details: "Can't add new command when connection is in closed state"
[2026-08-06T07:06:08.465Z] 500 Error: Failed to fetch pipeline stats. Details: "Can't add new command when connection is in closed state"
[2026-08-06T07:06:08.517Z] 500 Error: Failed to fetch pipeline stats. Details: "Can't add new command when connection is in closed state"
[2026-08-06T07:06:08.562Z] 500 Error: Failed to fetch pipeline stats. Details: "Can't add new command when connection is in closed state"
[2026-08-06T07:06:08.600Z] 500 Error: Failed to fetch pipeline stats. Details: "Can't add new command when connection is in closed state"
[2026-08-06T07:06:08.654Z] 500 Error: Failed to fetch pipeline stats. Details: "Can't add new command when connection is in closed state"
[2026-08-06T07:06:08.702Z] 500 Error: Failed to fetch pipeline stats. Details: "Can't add new command when connection is in closed state"
[2026-08-06T07:06:08.743Z] 500 Error: Failed to fetch pipeline stats. Details: "Can't add new command when connection is in closed state"
[2026-08-06T07:06:08.791Z] 500 Error: Failed to fetch pipeline stats. Details: "Can't add new command when connection is in closed state"
[2026-08-06T07:06:08.872Z] 500 Error: Failed to fetch pipeline stats. Details: "Can't add new command when connection is in closed state"
[2026-08-06T07:06:08.907Z] 500 Error: Failed to fetch pipeline stats. Details: "Can't add new command when connection is in closed state"
[2026-08-06T07:06:08.940Z] 500 Error: Failed to fetch pipeline stats. Details: "Can't add new command when connection is in closed state"
[2026-08-06T07:06:08.972Z] 500 Error: Failed to fetch pipeline stats. Details: "Can't add new command when connection is in closed state"
[2026-08-06T07:06:09.009Z] 500 Error: Failed to fetch pipeline stats. Details: "Can't add new command when connection is in closed state"
[2026-08-06T07:06:09.042Z] 500 Error: Failed to fetch pipeline stats. Details: "Can't add new command when connection is in closed state"
[2026-08-06T07:06:09.080Z] 500 Error: Failed to fetch pipeline stats. Details: "Can't add new command when connection is in closed state"
[2026-08-06T07:06:09.116Z] 500 Error: Failed to fetch pipeline stats. Details: "Can't add new command when connection is in closed state"
[2026-08-06T07:06:09.148Z] 500 Error: Failed to fetch pipeline stats. Details: "Can't add new command when connection is in closed state"
[2026-08-06T07:06:09.178Z] 500 Error: Failed to fetch pipeline stats. Details: "Can't add new command when connection is in closed state"
[2026-08-06T07:06:09.215Z] 500 Error: Failed to fetch pipeline stats. Details: "Can't add new command when connection is in closed state"
[2026-08-06T07:06:09.250Z] 500 Error: Failed to fetch pipeline stats. Details: "Can't add new command when connection is in closed state"
[2026-08-06T07:06:09.277Z] 500 Error: Failed to fetch pipeline stats. Details: "Can't add new command when connection is in closed state"
[2026-08-06T07:06:09.309Z] 500 Error: Failed to fetch pipeline stats. Details: "Can't add new command when connection is in closed state"
[2026-08-06T07:06:09.346Z] 500 Error: Failed to fetch pipeline stats. Details: "Can't add new command when connection is in closed state"
[2026-08-06T07:06:09.380Z] 500 Error: Failed to fetch pipeline stats. Details: "Can't add new command when connection is in closed state"
[2026-08-06T07:06:09.425Z] 500 Error: Failed to fetch pipeline stats. Details: "Can't add new command when connection is in closed state"
[2026-08-06T07:06:09.453Z] 500 Error: Failed to fetch pipeline stats. Details: "Can't add new command when connection is in closed state"
[2026-08-06T07:06:09.485Z] 500 Error: Failed to fetch pipeline stats. Details: "Can't add new command when connection is in closed state"
[2026-08-06T07:06:09.514Z] 500 Error: Failed to fetch pipeline stats. Details: "Can't add new command when connection is in closed state"
[2026-08-06T07:06:09.551Z] 500 Error: Failed to fetch pipeline stats. Details: "Can't add new command when connection is in closed state"
[2026-08-06T07:06:09.582Z] 500 Error: Failed to fetch pipeline stats. Details: "Can't add new command when connection is in closed state"
[2026-08-06T07:06:09.622Z] 500 Error: Failed to fetch pipeline stats. Details: "Can't add new command when connection is in closed state"
[2026-08-06T07:06:09.676Z] 500 Error: Failed to fetch pipeline stats. Details: "Can't add new command when connection is in closed state"
[2026-08-06T07:06:09.741Z] 500 Error: Failed to fetch pipeline stats. Details: "Can't add new command when connection is in closed state"
[2026-08-06T07:06:09.807Z] 500 Error: Failed to fetch pipeline stats. Details: "Can't add new command when connection is in closed state"
[2026-08-06T07:06:09.862Z] 500 Error: Failed to fetch pipeline stats. Details: "Can't add new command when connection is in closed state"
[2026-08-06T07:06:09.903Z] 500 Error: Failed to fetch pipeline stats. Details: "Can't add new command when connection is in closed state"
[2026-08-06T07:06:09.950Z] 500 Error: Failed to fetch pipeline stats. Details: "Can't add new command when connection is in closed state"
[2026-08-06T07:06:10.001Z] 500 Error: Failed to fetch pipeline stats. Details: "Can't add new command when connection is in closed state"
[2026-08-06T07:06:10.041Z] 500 Error: Failed to fetch pipeline stats. Details: "Can't add new command when connection is in closed state"
[2026-08-06T07:06:10.090Z] 500 Error: Failed to fetch pipeline stats. Details: "Can't add new command when connection is in closed state"
[2026-08-06T07:06:10.123Z] 500 Error: Failed to fetch pipeline stats. Details: "Can't add new command when connection is in closed state"
[2026-08-06T07:06:10.164Z] 500 Error: Failed to fetch pipeline stats. Details: "Can't add new command when connection is in closed state"
[2026-08-06T07:06:10.203Z] 500 Error: Failed to fetch pipeline stats. Details: "Can't add new command when connection is in closed state"
[2026-08-06T07:06:10.246Z] 500 Error: Failed to fetch pipeline stats. Details: "Can't add new command when connection is in closed state"
[2026-08-06T07:06:10.280Z] 500 Error: Failed to fetch pipeline stats. Details: "Can't add new command when connection is in closed state"
[2026-08-06T07:06:10.322Z] 500 Error: Failed to fetch pipeline stats. Details: "Can't add new command when connection is in closed state"
[2026-08-06T07:06:10.357Z] 500 Error: Failed to fetch pipeline stats. Details: "Can't add new command when connection is in closed state"
[2026-08-06T07:06:10.389Z] 500 Error: Failed to fetch pipeline stats. Details: "Can't add new command when connection is in closed state"
[2026-08-06T07:06:10.436Z] 500 Error: Failed to fetch pipeline stats. Details: "Can't add new command when connection is in closed state"
[2026-08-06T07:06:10.473Z] 500 Error: Failed to fetch pipeline stats. Details: "Can't add new command when connection is in closed state"
[2026-08-06T07:06:10.512Z] 500 Error: Failed to fetch pipeline stats. Details: "Can't add new command when connection is in closed state"
[2026-08-06T07:06:10.547Z] 500 Error: Failed to fetch pipeline stats. Details: "Can't add new command when connection is in closed state"
[2026-08-06T07:06:10.583Z] 500 Error: Failed to fetch pipeline stats. Details: "Can't add new command when connection is in closed state"
[2026-08-06T07:06:10.623Z] 500 Error: Failed to fetch pipeline stats. Details: "Can't add new command when connection is in closed state"
[2026-08-06T07:06:10.672Z] 500 Error: Failed to fetch pipeline stats. Details: "Can't add new command when connection is in closed state"
[2026-08-06T07:06:10.756Z] 500 Error: Failed to fetch pipeline stats. Details: "Can't add new command when connection is in closed state"
[2026-08-06T07:06:10.798Z] 500 Error: Failed to fetch pipeline stats. Details: "Can't add new command when connection is in closed state"
[2026-08-06T07:06:10.843Z] 500 Error: Failed to fetch pipeline stats. Details: "Can't add new command when connection is in closed state"
[2026-08-06T07:06:10.882Z] 500 Error: Failed to fetch pipeline stats. Details: "Can't add new command when connection is in closed state"
[2026-08-06T07:06:10.912Z] 500 Error: Failed to fetch pipeline stats. Details: "Can't add new command when connection is in closed state"
[2026-08-06T07:06:10.948Z] 500 Error: Failed to fetch pipeline stats. Details: "Can't add new command when connection is in closed state"
[2026-08-06T07:06:10.978Z] 500 Error: Failed to fetch pipeline stats. Details: "Can't add new command when connection is in closed state"
[2026-08-06T07:06:11.012Z] 500 Error: Failed to fetch pipeline stats. Details: "Can't add new command when connection is in closed state"
[2026-08-06T07:06:11.048Z] 500 Error: Failed to fetch pipeline stats. Details: "Can't add new command when connection is in closed state"
[2026-08-06T07:06:11.073Z] 500 Error: Failed to fetch pipeline stats. Details: "Can't add new command when connection is in closed state"
[2026-08-06T07:06:11.106Z] 500 Error: Failed to fetch pipeline stats. Details: "Can't add new command when connection is in closed state"
[2026-08-06T07:06:11.144Z] 500 Error: Failed to fetch pipeline stats. Details: "Can't add new command when connection is in closed state"
[2026-08-06T07:06:11.173Z] 500 Error: Failed to fetch pipeline stats. Details: "Can't add new command when connection is in closed state"
[2026-08-06T07:06:11.206Z] 500 Error: Failed to fetch pipeline stats. Details: "Can't add new command when connection is in closed state"
[2026-08-06T07:06:11.243Z] 500 Error: Failed to fetch pipeline stats. Details: "Can't add new command when connection is in closed state"
[2026-08-06T07:06:11.278Z] 500 Error: Failed to fetch pipeline stats. Details: "Can't add new command when connection is in closed state"
[2026-08-06T07:06:11.318Z] 500 Error: Failed to fetch pipeline stats. Details: "Can't add new command when connection is in closed state"
[2026-08-06T07:06:11.349Z] 500 Error: Failed to fetch pipeline stats. Details: "Can't add new command when connection is in closed state"
[2026-08-06T07:06:11.382Z] 500 Error: Failed to fetch pipeline stats. Details: "Can't add new command when connection is in closed state"
[2026-08-06T07:06:11.418Z] 500 Error: Failed to fetch pipeline stats. Details: "Can't add new command when connection is in closed state"
[2026-08-06T07:06:11.443Z] 500 Error: Failed to fetch pipeline stats. Details: "Can't add new command when connection is in closed state"
[2026-08-06T07:06:11.493Z] 500 Error: Failed to fetch pipeline stats. Details: "Can't add new command when connection is in closed state"
[2026-08-06T07:06:11.547Z] 500 Error: Failed to fetch pipeline stats. Details: "Can't add new command when connection is in closed state"
[2026-08-06T07:06:11.604Z] 500 Error: Failed to fetch pipeline stats. Details: "Can't add new command when connection is in closed state"
[2026-08-06T07:06:11.667Z] 500 Error: Failed to fetch pipeline stats. Details: "Can't add new command when connection is in closed state"
[2026-08-06T07:06:11.722Z] 500 Error: Failed to fetch pipeline stats. Details: "Can't add new command when connection is in closed state"
[2026-08-06T07:06:11.759Z] 500 Error: Failed to fetch pipeline stats. Details: "Can't add new command when connection is in closed state"
[2026-08-06T07:06:11.798Z] 500 Error: Failed to fetch pipeline stats. Details: "Can't add new command when connection is in closed state"
[2026-08-06T07:06:11.846Z] 500 Error: Failed to fetch pipeline stats. Details: "Can't add new command when connection is in closed state"
[2026-08-06T07:06:11.886Z] 500 Error: Failed to fetch pipeline stats. Details: "Can't add new command when connection is in closed state"
[2026-08-06T07:06:11.915Z] 500 Error: Failed to fetch pipeline stats. Details: "Can't add new command when connection is in closed state"
[2026-08-06T07:06:11.947Z] 500 Error: Failed to fetch pipeline stats. Details: "Can't add new command when connection is in closed state"
[2026-08-06T07:06:11.973Z] 500 Error: Failed to fetch pipeline stats. Details: "Can't add new command when connection is in closed state"
[2026-08-06T07:06:12.001Z] 500 Error: Failed to fetch pipeline stats. Details: "Can't add new command when connection is in closed state"
[2026-08-06T07:06:12.031Z] 500 Error: Failed to fetch pipeline stats. Details: "Can't add new command when connection is in closed state"
[2026-08-06T07:06:12.069Z] 500 Error: Failed to fetch pipeline stats. Details: "Can't add new command when connection is in closed state"
[2026-08-06T07:06:12.114Z] 500 Error: Failed to fetch pipeline stats. Details: "Can't add new command when connection is in closed state"
[2026-08-06T07:06:12.172Z] 500 Error: Failed to fetch pipeline stats. Details: "Can't add new command when connection is in closed state"
[2026-08-06T07:06:12.225Z] 500 Error: Failed to fetch pipeline stats. Details: "Can't add new command when connection is in closed state"
[2026-08-06T07:06:12.273Z] 500 Error: Failed to fetch pipeline stats. Details: "Can't add new command when connection is in closed state"
[2026-08-06T07:06:12.320Z] 500 Error: Failed to fetch pipeline stats. Details: "Can't add new command when connection is in closed state"
[2026-08-06T07:06:12.356Z] 500 Error: Failed to fetch pipeline stats. Details: "Can't add new command when connection is in closed state"
[2026-08-06T07:06:12.406Z] 500 Error: Failed to fetch pipeline stats. Details: "Can't add new command when connection is in closed state"
[2026-08-06T07:06:12.456Z] 500 Error: Failed to fetch pipeline stats. Details: "Can't add new command when connection is in closed state"
[2026-08-06T07:06:12.494Z] 500 Error: Failed to fetch pipeline stats. Details: "Can't add new command when connection is in closed state"
[2026-08-06T07:06:12.526Z] 500 Error: Failed to fetch pipeline stats. Details: "Can't add new command when connection is in closed state"
[2026-08-06T07:06:12.605Z] 500 Error: Failed to fetch pipeline stats. Details: "Can't add new command when connection is in closed state"
[2026-08-06T07:06:12.644Z] 500 Error: Failed to fetch pipeline stats. Details: "Can't add new command when connection is in closed state"
[2026-08-06T07:06:12.679Z] 500 Error: Failed to fetch pipeline stats. Details: "Can't add new command when connection is in closed state"
[2026-08-06T07:06:12.710Z] 500 Error: Failed to fetch pipeline stats. Details: "Can't add new command when connection is in closed state"
[2026-08-06T07:06:12.752Z] 500 Error: Failed to fetch pipeline stats. Details: "Can't add new command when connection is in closed state"
[2026-08-06T07:06:12.788Z] 500 Error: Failed to fetch pipeline stats. Details: "Can't add new command when connection is in closed state"
[2026-08-06T07:06:12.826Z] 500 Error: Failed to fetch pipeline stats. Details: "Can't add new command when connection is in closed state"
[2026-08-06T07:06:12.852Z] 500 Error: Failed to fetch pipeline stats. Details: "Can't add new command when connection is in closed state"
[2026-08-06T07:06:12.879Z] 500 Error: Failed to fetch pipeline stats. Details: "Can't add new command when connection is in closed state"
[2026-08-06T07:06:12.914Z] 500 Error: Failed to fetch pipeline stats. Details: "Can't add new command when connection is in closed state"
[2026-08-06T07:06:12.946Z] 500 Error: Failed to fetch pipeline stats. Details: "Can't add new command when connection is in closed state"
[2026-08-06T07:06:12.984Z] 500 Error: Failed to fetch pipeline stats. Details: "Can't add new command when connection is in closed state"
[2026-08-06T07:06:13.010Z] 500 Error: Failed to fetch pipeline stats. Details: "Can't add new command when connection is in closed state"
[2026-08-06T07:06:13.040Z] 500 Error: Failed to fetch pipeline stats. Details: "Can't add new command when connection is in closed state"
[2026-08-06T07:06:13.078Z] 500 Error: Failed to fetch pipeline stats. Details: "Can't add new command when connection is in closed state"
[2026-08-06T07:06:13.104Z] 500 Error: Failed to fetch pipeline stats. Details: "Can't add new command when connection is in closed state"
[2026-08-06T07:06:13.134Z] 500 Error: Failed to fetch pipeline stats. Details: "Can't add new command when connection is in closed state"
[2026-08-06T07:06:13.167Z] 500 Error: Failed to fetch pipeline stats. Details: "Can't add new command when connection is in closed state"
[2026-08-06T07:06:13.191Z] 500 Error: Failed to fetch pipeline stats. Details: "Can't add new command when connection is in closed state"
[2026-08-06T07:06:13.244Z] 500 Error: Failed to fetch pipeline stats. Details: "Can't add new command when connection is in closed state"
[2026-08-06T07:06:13.293Z] 500 Error: Failed to fetch pipeline stats. Details: "Can't add new command when connection is in closed state"
[2026-08-06T07:06:13.343Z] 500 Error: Failed to fetch pipeline stats. Details: "Can't add new command when connection is in closed state"
[2026-08-06T07:06:13.387Z] 500 Error: Failed to fetch pipeline stats. Details: "Can't add new command when connection is in closed state"
[2026-08-06T07:06:13.446Z] 500 Error: Failed to fetch pipeline stats. Details: "Can't add new command when connection is in closed state"
[2026-08-06T07:06:13.492Z] 500 Error: Failed to fetch pipeline stats. Details: "Can't add new command when connection is in closed state"
[2026-08-06T07:06:13.541Z] 500 Error: Failed to fetch pipeline stats. Details: "Can't add new command when connection is in closed state"
[2026-08-06T07:06:13.585Z] 500 Error: Failed to fetch pipeline stats. Details: "Can't add new command when connection is in closed state"
[2026-08-06T07:06:13.640Z] 500 Error: Failed to fetch pipeline stats. Details: "Can't add new command when connection is in closed state"
[2026-08-06T07:06:13.683Z] 500 Error: Failed to fetch pipeline stats. Details: "Can't add new command when connection is in closed state"
[2026-08-06T07:06:13.736Z] 500 Error: Failed to fetch pipeline stats. Details: "Can't add new command when connection is in closed state"
[2026-08-06T07:06:13.787Z] 500 Error: Failed to fetch pipeline stats. Details: "Can't add new command when connection is in closed state"
[2026-08-06T07:06:13.849Z] 500 Error: Failed to fetch pipeline stats. Details: "Can't add new command when connection is in closed state"
[2026-08-06T07:06:13.902Z] 500 Error: Failed to fetch pipeline stats. Details: "Can't add new command when connection is in closed state"
[2026-08-06T07:06:13.940Z] 500 Error: Failed to fetch pipeline stats. Details: "Can't add new command when connection is in closed state"
[2026-08-06T07:06:13.979Z] 500 Error: Failed to fetch pipeline stats. Details: "Can't add new command when connection is in closed state"
[2026-08-06T07:06:14.022Z] 500 Error: Failed to fetch pipeline stats. Details: "Can't add new command when connection is in closed state"
[2026-08-06T07:06:14.069Z] 500 Error: Failed to fetch pipeline stats. Details: "Can't add new command when connection is in closed state"
[2026-08-06T07:06:14.112Z] 500 Error: Failed to fetch pipeline stats. Details: "Can't add new command when connection is in closed state"
[2026-08-06T07:06:14.155Z] 500 Error: Failed to fetch pipeline stats. Details: "Can't add new command when connection is in closed state"
[2026-08-06T07:06:14.192Z] 500 Error: Failed to fetch pipeline stats. Details: "Can't add new command when connection is in closed state"
[2026-08-06T07:06:14.236Z] 500 Error: Failed to fetch pipeline stats. Details: "Can't add new command when connection is in closed state"
[2026-08-06T07:06:14.273Z] 500 Error: Failed to fetch pipeline stats. Details: "Can't add new command when connection is in closed state"
[2026-08-06T07:06:14.308Z] 500 Error: Failed to fetch pipeline stats. Details: "Can't add new command when connection is in closed state"
[2026-08-06T07:06:14.360Z] 500 Error: Failed to fetch pipeline stats. Details: "Can't add new command when connection is in closed state"
[2026-08-06T07:06:14.438Z] 500 Error: Failed to fetch pipeline stats. Details: "Can't add new command when connection is in closed state"
[2026-08-06T07:06:14.472Z] 500 Error: Failed to fetch pipeline stats. Details: "Can't add new command when connection is in closed state"
[2026-08-06T07:06:14.514Z] 500 Error: Failed to fetch pipeline stats. Details: "Can't add new command when connection is in closed state"
[2026-08-06T07:06:14.559Z] 500 Error: Failed to fetch pipeline stats. Details: "Can't add new command when connection is in closed state"
[2026-08-06T07:06:14.583Z] 500 Error: Failed to fetch pipeline stats. Details: "Can't add new command when connection is in closed state"
[2026-08-06T07:06:14.617Z] 500 Error: Failed to fetch pipeline stats. Details: "Can't add new command when connection is in closed state"
[2026-08-06T07:06:14.643Z] 500 Error: Failed to fetch pipeline stats. Details: "Can't add new command when connection is in closed state"
[2026-08-06T07:06:14.671Z] 500 Error: Failed to fetch pipeline stats. Details: "Can't add new command when connection is in closed state"
[2026-08-06T07:06:14.705Z] 500 Error: Failed to fetch pipeline stats. Details: "Can't add new command when connection is in closed state"
[2026-08-06T07:06:14.731Z] 500 Error: Failed to fetch pipeline stats. Details: "Can't add new command when connection is in closed state"
[2026-08-06T07:06:14.807Z] 500 Error: Failed to fetch pipeline stats. Details: "Can't add new command when connection is in closed state"
[2026-08-06T07:06:14.848Z] 500 Error: Failed to fetch pipeline stats. Details: "Can't add new command when connection is in closed state"
[2026-08-06T07:06:14.895Z] 500 Error: Failed to fetch pipeline stats. Details: "Can't add new command when connection is in closed state"
[2026-08-06T07:06:14.926Z] 500 Error: Failed to fetch pipeline stats. Details: "Can't add new command when connection is in closed state"
[2026-08-06T07:06:14.970Z] 500 Error: Failed to fetch pipeline stats. Details: "Can't add new command when connection is in closed state"
[2026-08-06T07:06:15.002Z] 500 Error: Failed to fetch pipeline stats. Details: "Can't add new command when connection is in closed state"
[2026-08-06T07:06:15.023Z] 500 Error: Failed to fetch pipeline stats. Details: "Can't add new command when connection is in closed state"
[2026-08-06T07:06:15.046Z] 500 Error: Failed to fetch pipeline stats. Details: "Can't add new command when connection is in closed state"
[2026-08-06T07:06:15.064Z] 500 Error: Failed to fetch pipeline stats. Details: "Can't add new command when connection is in closed state"
[2026-08-06T07:06:15.088Z] 500 Error: Failed to fetch pipeline stats. Details: "Can't add new command when connection is in closed state"
[2026-08-06T07:06:15.140Z] 500 Error: Failed to fetch pipeline stats. Details: "Can't add new command when connection is in closed state"
[2026-08-06T07:06:15.191Z] 500 Error: Failed to fetch pipeline stats. Details: "Can't add new command when connection is in closed state"
[2026-08-06T07:06:15.235Z] 500 Error: Failed to fetch pipeline stats. Details: "Can't add new command when connection is in closed state"
[2026-08-06T07:06:15.268Z] 500 Error: Failed to fetch pipeline stats. Details: "Can't add new command when connection is in closed state"
[2026-08-06T07:06:15.293Z] 500 Error: Failed to fetch pipeline stats. Details: "Can't add new command when connection is in closed state"
[2026-08-06T07:06:15.321Z] 500 Error: Failed to fetch pipeline stats. Details: "Can't add new command when connection is in closed state"
[2026-08-06T07:06:15.378Z] 500 Error: Failed to fetch pipeline stats. Details: "Can't add new command when connection is in closed state"
[2026-08-06T07:06:15.417Z] 500 Error: Failed to fetch pipeline stats. Details: "Can't add new command when connection is in closed state"
[2026-08-06T07:06:15.445Z] 500 Error: Failed to fetch pipeline stats. Details: "Can't add new command when connection is in closed state"
[2026-08-06T07:06:15.480Z] 500 Error: Failed to fetch pipeline stats. Details: "Can't add new command when connection is in closed state"
[2026-08-06T07:06:15.509Z] 500 Error: Failed to fetch pipeline stats. Details: "Can't add new command when connection is in closed state"
[2026-08-06T07:06:15.550Z] 500 Error: Failed to fetch pipeline stats. Details: "Can't add new command when connection is in closed state"
[2026-08-06T07:06:15.601Z] 500 Error: Failed to fetch pipeline stats. Details: "Can't add new command when connection is in closed state"
[2026-08-06T07:06:15.630Z] 500 Error: Failed to fetch pipeline stats. Details: "Can't add new command when connection is in closed state"
[2026-08-06T07:06:15.676Z] 500 Error: Failed to fetch pipeline stats. Details: "Can't add new command when connection is in closed state"
[2026-08-06T07:06:15.725Z] 500 Error: Failed to fetch pipeline stats. Details: "Can't add new command when connection is in closed state"
[2026-08-06T07:06:15.779Z] 500 Error: Failed to fetch pipeline stats. Details: "Can't add new command when connection is in closed state"
[2026-08-06T07:06:15.833Z] 500 Error: Failed to fetch pipeline stats. Details: "Can't add new command when connection is in closed state"
[2026-08-06T07:06:15.868Z] 500 Error: Failed to fetch pipeline stats. Details: "Can't add new command when connection is in closed state"
[2026-08-06T07:06:15.909Z] 500 Error: Failed to fetch pipeline stats. Details: "Can't add new command when connection is in closed state"
[2026-08-06T07:06:15.945Z] 500 Error: Failed to fetch pipeline stats. Details: "Can't add new command when connection is in closed state"
[2026-08-06T07:06:15.983Z] 500 Error: Failed to fetch pipeline stats. Details: "Can't add new command when connection is in closed state"
[2026-08-06T07:06:16.008Z] 500 Error: Failed to fetch pipeline stats. Details: "Can't add new command when connection is in closed state"
[2026-08-06T07:06:16.040Z] 500 Error: Failed to fetch pipeline stats. Details: "Can't add new command when connection is in closed state"
[2026-08-06T07:06:16.112Z] 500 Error: Failed to fetch pipeline stats. Details: "Can't add new command when connection is in closed state"
[2026-08-06T07:06:16.148Z] 500 Error: Failed to fetch pipeline stats. Details: "Can't add new command when connection is in closed state"
[2026-08-06T07:06:16.185Z] 500 Error: Failed to fetch pipeline stats. Details: "Can't add new command when connection is in closed state"
[2026-08-06T07:06:16.227Z] 500 Error: Failed to fetch pipeline stats. Details: "Can't add new command when connection is in closed state"
[2026-08-06T07:06:16.264Z] 500 Error: Failed to fetch pipeline stats. Details: "Can't add new command when connection is in closed state"
[2026-08-06T07:06:16.285Z] 500 Error: Failed to fetch pipeline stats. Details: "Can't add new command when connection is in closed state"
[2026-08-06T07:06:16.308Z] 500 Error: Failed to fetch pipeline stats. Details: "Can't add new command when connection is in closed state"
[2026-08-06T07:06:16.329Z] 500 Error: Failed to fetch pipeline stats. Details: "Can't add new command when connection is in closed state"
[2026-08-06T07:06:16.359Z] 500 Error: Failed to fetch pipeline stats. Details: "Can't add new command when connection is in closed state"
[2026-08-06T07:06:16.378Z] 500 Error: Failed to fetch pipeline stats. Details: "Can't add new command when connection is in closed state"
[2026-08-06T07:06:16.406Z] 500 Error: Failed to fetch pipeline stats. Details: "Can't add new command when connection is in closed state"
[2026-08-06T07:06:16.439Z] 500 Error: Failed to fetch pipeline stats. Details: "Can't add new command when connection is in closed state"
[2026-08-06T07:06:16.474Z] 500 Error: Failed to fetch pipeline stats. Details: "Can't add new command when connection is in closed state"
[2026-08-06T07:06:16.516Z] 500 Error: Failed to fetch pipeline stats. Details: "Can't add new command when connection is in closed state"
[2026-08-06T07:06:16.555Z] 500 Error: Failed to fetch pipeline stats. Details: "Can't add new command when connection is in closed state"
[2026-08-06T07:06:16.597Z] 500 Error: Failed to fetch pipeline stats. Details: "Can't add new command when connection is in closed state"
[2026-08-06T07:06:16.625Z] 500 Error: Failed to fetch pipeline stats. Details: "Can't add new command when connection is in closed state"
[2026-08-06T07:06:16.663Z] 500 Error: Failed to fetch pipeline stats. Details: "Can't add new command when connection is in closed state"
[2026-08-06T07:06:16.687Z] 500 Error: Failed to fetch pipeline stats. Details: "Can't add new command when connection is in closed state"
[2026-08-06T07:06:16.743Z] 500 Error: Failed to fetch pipeline stats. Details: "Can't add new command when connection is in closed state"
[2026-08-06T07:06:16.809Z] 500 Error: Failed to fetch pipeline stats. Details: "Can't add new command when connection is in closed state"
[2026-08-06T07:06:16.877Z] 500 Error: Failed to fetch pipeline stats. Details: "Can't add new command when connection is in closed state"
[2026-08-06T07:06:16.941Z] 500 Error: Failed to fetch pipeline stats. Details: "Can't add new command when connection is in closed state"
[2026-08-06T07:06:16.995Z] 500 Error: Failed to fetch pipeline stats. Details: "Can't add new command when connection is in closed state"
[2026-08-06T07:06:17.052Z] 500 Error: Failed to fetch pipeline stats. Details: "Can't add new command when connection is in closed state"
[2026-08-06T07:06:17.111Z] 500 Error: Failed to fetch pipeline stats. Details: "Can't add new command when connection is in closed state"
[2026-08-06T07:06:17.173Z] 500 Error: Failed to fetch pipeline stats. Details: "Can't add new command when connection is in closed state"
[2026-08-06T07:06:17.210Z] 500 Error: Failed to fetch pipeline stats. Details: "Can't add new command when connection is in closed state"
[2026-08-06T07:06:17.253Z] 500 Error: Failed to fetch pipeline stats. Details: "Can't add new command when connection is in closed state"
[2026-08-06T07:06:17.294Z] 500 Error: Failed to fetch pipeline stats. Details: "Can't add new command when connection is in closed state"
[2026-08-06T07:06:17.333Z] 500 Error: Failed to fetch pipeline stats. Details: "Can't add new command when connection is in closed state"
[2026-08-06T07:06:17.361Z] 500 Error: Failed to fetch pipeline stats. Details: "Can't add new command when connection is in closed state"
[2026-08-06T07:06:17.402Z] 500 Error: Failed to fetch pipeline stats. Details: "Can't add new command when connection is in closed state"
[2026-08-06T07:06:17.456Z] 500 Error: Failed to fetch pipeline stats. Details: "Can't add new command when connection is in closed state"
[2026-08-06T07:06:17.491Z] 500 Error: Failed to fetch pipeline stats. Details: "Can't add new command when connection is in closed state"
[2026-08-06T07:06:17.544Z] 500 Error: Failed to fetch pipeline stats. Details: "Can't add new command when connection is in closed state"
[2026-08-06T07:06:17.598Z] 500 Error: Failed to fetch pipeline stats. Details: "Can't add new command when connection is in closed state"
[2026-08-06T07:06:17.668Z] 500 Error: Failed to fetch pipeline stats. Details: "Can't add new command when connection is in closed state"
[2026-08-06T07:06:17.729Z] 500 Error: Failed to fetch pipeline stats. Details: "Can't add new command when connection is in closed state"
[2026-08-06T07:06:17.784Z] 500 Error: Failed to fetch pipeline stats. Details: "Can't add new command when connection is in closed state"
[2026-08-06T07:06:17.856Z] 500 Error: Failed to fetch pipeline stats. Details: "Can't add new command when connection is in closed state"
[2026-08-06T07:06:17.913Z] 500 Error: Failed to fetch pipeline stats. Details: "Can't add new command when connection is in closed state"
[2026-08-06T07:06:17.958Z] 500 Error: Failed to fetch pipeline stats. Details: "Can't add new command when connection is in closed state"
[2026-08-06T07:06:18.006Z] 500 Error: Failed to fetch pipeline stats. Details: "Can't add new command when connection is in closed state"
[2026-08-06T07:06:18.083Z] 500 Error: Failed to fetch pipeline stats. Details: "Can't add new command when connection is in closed state"
[2026-08-06T07:06:18.113Z] 500 Error: Failed to fetch pipeline stats. Details: "Can't add new command when connection is in closed state"
[2026-08-06T07:06:18.151Z] 500 Error: Failed to fetch pipeline stats. Details: "Can't add new command when connection is in closed state"
[2026-08-06T07:06:18.194Z] 500 Error: Failed to fetch pipeline stats. Details: "Can't add new command when connection is in closed state"
[2026-08-06T07:06:18.227Z] 500 Error: Failed to fetch pipeline stats. Details: "Can't add new command when connection is in closed state"
[2026-08-06T07:06:18.255Z] 500 Error: Failed to fetch pipeline stats. Details: "Can't add new command when connection is in closed state"
[2026-08-06T07:06:18.280Z] 500 Error: Failed to fetch pipeline stats. Details: "Can't add new command when connection is in closed state"
[2026-08-06T07:06:18.312Z] 500 Error: Failed to fetch pipeline stats. Details: "Can't add new command when connection is in closed state"
[2026-08-06T07:06:18.351Z] 500 Error: Failed to fetch pipeline stats. Details: "Can't add new command when connection is in closed state"
[2026-08-06T07:06:18.381Z] 500 Error: Failed to fetch pipeline stats. Details: "Can't add new command when connection is in closed state"
[2026-08-06T07:06:18.414Z] 500 Error: Failed to fetch pipeline stats. Details: "Can't add new command when connection is in closed state"
[2026-08-06T07:06:18.452Z] 500 Error: Failed to fetch pipeline stats. Details: "Can't add new command when connection is in closed state"
[2026-08-06T07:06:18.484Z] 500 Error: Failed to fetch pipeline stats. Details: "Can't add new command when connection is in closed state"
[2026-08-06T07:06:18.532Z] 500 Error: Failed to fetch pipeline stats. Details: "Can't add new command when connection is in closed state"
[2026-08-06T07:06:18.571Z] 500 Error: Failed to fetch pipeline stats. Details: "Can't add new command when connection is in closed state"
[2026-08-06T07:06:18.620Z] 500 Error: Failed to fetch pipeline stats. Details: "Can't add new command when connection is in closed state"
[2026-08-06T07:06:18.731Z] 500 Error: Failed to fetch pipeline stats. Details: "Can't add new command when connection is in closed state"
[2026-08-06T07:06:18.781Z] 500 Error: Failed to fetch pipeline stats. Details: "Can't add new command when connection is in closed state"
[2026-08-06T07:06:18.835Z] 500 Error: Failed to fetch pipeline stats. Details: "Can't add new command when connection is in closed state"
[2026-08-06T07:06:18.880Z] 500 Error: Failed to fetch pipeline stats. Details: "Can't add new command when connection is in closed state"
[2026-08-06T07:06:18.950Z] 500 Error: Failed to fetch pipeline stats. Details: "Can't add new command when connection is in closed state"
[2026-08-06T07:06:18.986Z] 500 Error: Failed to fetch pipeline stats. Details: "Can't add new command when connection is in closed state"
[2026-08-06T07:06:19.036Z] 500 Error: Failed to fetch pipeline stats. Details: "Can't add new command when connection is in closed state"
[2026-08-06T07:06:19.078Z] 500 Error: Failed to fetch pipeline stats. Details: "Can't add new command when connection is in closed state"
[2026-08-06T07:06:19.132Z] 500 Error: Failed to fetch pipeline stats. Details: "Can't add new command when connection is in closed state"
[2026-08-06T07:06:19.179Z] 500 Error: Failed to fetch pipeline stats. Details: "Can't add new command when connection is in closed state"
[2026-08-06T07:06:19.229Z] 500 Error: Failed to fetch pipeline stats. Details: "Can't add new command when connection is in closed state"
[2026-08-06T07:06:19.258Z] 500 Error: Failed to fetch pipeline stats. Details: "Can't add new command when connection is in closed state"
[2026-08-06T07:06:19.313Z] 500 Error: Failed to fetch pipeline stats. Details: "Can't add new command when connection is in closed state"
[2026-08-06T07:06:19.358Z] 500 Error: Failed to fetch pipeline stats. Details: "Can't add new command when connection is in closed state"
[2026-08-06T07:06:19.406Z] 500 Error: Failed to fetch pipeline stats. Details: "Can't add new command when connection is in closed state"
[2026-08-06T07:06:19.454Z] 500 Error: Failed to fetch pipeline stats. Details: "Can't add new command when connection is in closed state"
[2026-08-06T07:06:19.491Z] 500 Error: Failed to fetch pipeline stats. Details: "Can't add new command when connection is in closed state"
[2026-08-06T07:06:19.537Z] 500 Error: Failed to fetch pipeline stats. Details: "Can't add new command when connection is in closed state"
[2026-08-06T07:06:19.581Z] 500 Error: Failed to fetch pipeline stats. Details: "Can't add new command when connection is in closed state"
[2026-08-06T07:06:19.632Z] 500 Error: Failed to fetch pipeline stats. Details: "Can't add new command when connection is in closed state"
[2026-08-06T07:06:19.677Z] 500 Error: Failed to fetch pipeline stats. Details: "Can't add new command when connection is in closed state"
[2026-08-06T07:06:19.709Z] 500 Error: Failed to fetch pipeline stats. Details: "Can't add new command when connection is in closed state"
[2026-08-06T07:06:19.738Z] 500 Error: Failed to fetch pipeline stats. Details: "Can't add new command when connection is in closed state"
[2026-08-06T07:06:19.777Z] 500 Error: Failed to fetch pipeline stats. Details: "Can't add new command when connection is in closed state"
[2026-08-06T07:06:19.810Z] 500 Error: Failed to fetch pipeline stats. Details: "Can't add new command when connection is in closed state"
[2026-08-06T07:06:19.848Z] 500 Error: Failed to fetch pipeline stats. Details: "Can't add new command when connection is in closed state"
[2026-08-06T07:06:19.885Z] 500 Error: Failed to fetch pipeline stats. Details: "Can't add new command when connection is in closed state"
[2026-08-06T07:06:19.921Z] 500 Error: Failed to fetch pipeline stats. Details: "Can't add new command when connection is in closed state"
[2026-08-06T07:06:19.942Z] 500 Error: Failed to fetch pipeline stats. Details: "Can't add new command when connection is in closed state"
[2026-08-06T07:06:19.967Z] 500 Error: Failed to fetch pipeline stats. Details: "Can't add new command when connection is in closed state"
[2026-08-06T07:06:20.043Z] 500 Error: Failed to fetch pipeline stats. Details: "Can't add new command when connection is in closed state"
[2026-08-06T07:06:20.073Z] 500 Error: Failed to fetch pipeline stats. Details: "Can't add new command when connection is in closed state"
[2026-08-06T07:06:20.103Z] 500 Error: Failed to fetch pipeline stats. Details: "Can't add new command when connection is in closed state"
[2026-08-06T07:06:20.125Z] 500 Error: Failed to fetch pipeline stats. Details: "Can't add new command when connection is in closed state"
[2026-08-06T07:06:20.162Z] 500 Error: Failed to fetch pipeline stats. Details: "Can't add new command when connection is in closed state"
[2026-08-06T07:06:20.196Z] 500 Error: Failed to fetch pipeline stats. Details: "Can't add new command when connection is in closed state"
[2026-08-06T07:06:20.226Z] 500 Error: Failed to fetch pipeline stats. Details: "Can't add new command when connection is in closed state"
[2026-08-06T07:06:20.249Z] 500 Error: Failed to fetch pipeline stats. Details: "Can't add new command when connection is in closed state"
[2026-08-06T07:06:20.280Z] 500 Error: Failed to fetch pipeline stats. Details: "Can't add new command when connection is in closed state"
[2026-08-06T07:06:20.318Z] 500 Error: Failed to fetch pipeline stats. Details: "Can't add new command when connection is in closed state"
[2026-08-06T07:06:20.334Z] 500 Error: Failed to fetch pipeline stats. Details: "Can't add new command when connection is in closed state"
[2026-08-06T07:06:20.359Z] 500 Error: Failed to fetch pipeline stats. Details: "Can't add new command when connection is in closed state"
[2026-08-06T07:06:20.388Z] 500 Error: Failed to fetch pipeline stats. Details: "Can't add new command when connection is in closed state"
[2026-08-06T07:06:20.408Z] 500 Error: Failed to fetch pipeline stats. Details: "Can't add new command when connection is in closed state"
[2026-08-06T07:06:20.426Z] 500 Error: Failed to fetch pipeline stats. Details: "Can't add new command when connection is in closed state"
[2026-08-06T07:06:20.457Z] 500 Error: Failed to fetch pipeline stats. Details: "Can't add new command when connection is in closed state"
[2026-08-06T07:06:20.492Z] 500 Error: Failed to fetch pipeline stats. Details: "Can't add new command when connection is in closed state"
[2026-08-06T07:06:20.524Z] 500 Error: Failed to fetch pipeline stats. Details: "Can't add new command when connection is in closed state"
[2026-08-06T07:06:20.558Z] 500 Error: Failed to fetch pipeline stats. Details: "Can't add new command when connection is in closed state"
[2026-08-06T07:06:20.581Z] 500 Error: Failed to fetch pipeline stats. Details: "Can't add new command when connection is in closed state"
[2026-08-06T07:06:20.613Z] 500 Error: Failed to fetch pipeline stats. Details: "Can't add new command when connection is in closed state"
[2026-08-06T07:06:20.639Z] 500 Error: Failed to fetch pipeline stats. Details: "Can't add new command when connection is in closed state"
[2026-08-06T07:06:20.699Z] 500 Error: Failed to fetch pipeline stats. Details: "Can't add new command when connection is in closed state"
[2026-08-06T07:06:20.754Z] 500 Error: Failed to fetch pipeline stats. Details: "Can't add new command when connection is in closed state"
[2026-08-06T07:06:20.801Z] 500 Error: Failed to fetch pipeline stats. Details: "Can't add new command when connection is in closed state"
[2026-08-06T07:06:20.888Z] 500 Error: Failed to fetch pipeline stats. Details: "Can't add new command when connection is in closed state"
[2026-08-06T07:06:20.895Z] 500 Error: Failed to fetch pipeline stats. Details: "Can't add new command when connection is in closed state"
[2026-08-06T07:06:20.950Z] 500 Error: Failed to fetch pipeline stats. Details: "Can't add new command when connection is in closed state"
[2026-08-06T07:06:21.008Z] 500 Error: Failed to fetch pipeline stats. Details: "Can't add new command when connection is in closed state"
[2026-08-06T07:06:21.045Z] 500 Error: Failed to fetch pipeline stats. Details: "Can't add new command when connection is in closed state"
[2026-08-06T07:06:21.090Z] 500 Error: Failed to fetch pipeline stats. Details: "Can't add new command when connection is in closed state"
[2026-08-06T07:06:21.140Z] 500 Error: Failed to fetch pipeline stats. Details: "Can't add new command when connection is in closed state"
[2026-08-06T07:06:21.190Z] 500 Error: Failed to fetch pipeline stats. Details: "Can't add new command when connection is in closed state"
[2026-08-06T07:06:21.231Z] 500 Error: Failed to fetch pipeline stats. Details: "Can't add new command when connection is in closed state"
[2026-08-06T07:06:21.268Z] 500 Error: Failed to fetch pipeline stats. Details: "Can't add new command when connection is in closed state"
[2026-08-06T07:06:21.319Z] 500 Error: Failed to fetch pipeline stats. Details: "Can't add new command when connection is in closed state"
[2026-08-06T07:06:21.370Z] 500 Error: Failed to fetch pipeline stats. Details: "Can't add new command when connection is in closed state"
[2026-08-06T07:06:21.413Z] 500 Error: Failed to fetch pipeline stats. Details: "Can't add new command when connection is in closed state"
[2026-08-06T07:06:21.455Z] 500 Error: Failed to fetch pipeline stats. Details: "Can't add new command when connection is in closed state"
[2026-08-06T07:06:21.509Z] 500 Error: Failed to fetch pipeline stats. Details: "Can't add new command when connection is in closed state"
[2026-08-06T07:06:21.546Z] 500 Error: Failed to fetch pipeline stats. Details: "Can't add new command when connection is in closed state"
[2026-08-06T07:06:21.587Z] 500 Error: Failed to fetch pipeline stats. Details: "Can't add new command when connection is in closed state"
[2026-08-06T07:06:21.635Z] 500 Error: Failed to fetch pipeline stats. Details: "Can't add new command when connection is in closed state"
[2026-08-06T07:06:21.693Z] 500 Error: Failed to fetch pipeline stats. Details: "Can't add new command when connection is in closed state"
[2026-08-06T07:06:21.752Z] 500 Error: Failed to fetch pipeline stats. Details: "Can't add new command when connection is in closed state"
[2026-08-06T07:06:21.817Z] 500 Error: Failed to fetch pipeline stats. Details: "Can't add new command when connection is in closed state"
[2026-08-06T07:06:21.899Z] 500 Error: Failed to fetch pipeline stats. Details: "Can't add new command when connection is in closed state"
[2026-08-06T07:06:21.929Z] 500 Error: Failed to fetch pipeline stats. Details: "Can't add new command when connection is in closed state"
[2026-08-06T07:06:21.964Z] 500 Error: Failed to fetch pipeline stats. Details: "Can't add new command when connection is in closed state"
[2026-08-06T07:06:21.993Z] 500 Error: Failed to fetch pipeline stats. Details: "Can't add new command when connection is in closed state"
[2026-08-06T07:06:22.027Z] 500 Error: Failed to fetch pipeline stats. Details: "Can't add new command when connection is in closed state"
[2026-08-06T07:06:22.059Z] 500 Error: Failed to fetch pipeline stats. Details: "Can't add new command when connection is in closed state"
[2026-08-06T07:06:22.094Z] 500 Error: Failed to fetch pipeline stats. Details: "Can't add new command when connection is in closed state"
[2026-08-06T07:06:22.130Z] 500 Error: Failed to fetch pipeline stats. Details: "Can't add new command when connection is in closed state"
[2026-08-06T07:06:22.159Z] 500 Error: Failed to fetch pipeline stats. Details: "Can't add new command when connection is in closed state"
[2026-08-06T07:06:22.201Z] 500 Error: Failed to fetch pipeline stats. Details: "Can't add new command when connection is in closed state"
[2026-08-06T07:06:22.236Z] 500 Error: Failed to fetch pipeline stats. Details: "Can't add new command when connection is in closed state"
[2026-08-06T07:06:22.275Z] 500 Error: Failed to fetch pipeline stats. Details: "Can't add new command when connection is in closed state"
[2026-08-06T07:06:22.322Z] 500 Error: Failed to fetch pipeline stats. Details: "Can't add new command when connection is in closed state"
[2026-08-06T07:06:22.352Z] 500 Error: Failed to fetch pipeline stats. Details: "Can't add new command when connection is in closed state"
[2026-08-06T07:06:22.392Z] 500 Error: Failed to fetch pipeline stats. Details: "Can't add new command when connection is in closed state"
[2026-08-06T07:06:22.423Z] 500 Error: Failed to fetch pipeline stats. Details: "Can't add new command when connection is in closed state"
[2026-08-06T07:06:22.458Z] 500 Error: Failed to fetch pipeline stats. Details: "Can't add new command when connection is in closed state"
[2026-08-06T07:06:22.492Z] 500 Error: Failed to fetch pipeline stats. Details: "Can't add new command when connection is in closed state"
[2026-08-06T07:06:22.526Z] 500 Error: Failed to fetch pipeline stats. Details: "Can't add new command when connection is in closed state"
[2026-08-06T07:06:22.563Z] 500 Error: Failed to fetch pipeline stats. Details: "Can't add new command when connection is in closed state"
[2026-08-06T07:06:22.592Z] 500 Error: Failed to fetch pipeline stats. Details: "Can't add new command when connection is in closed state"
[2026-08-06T07:06:22.643Z] 500 Error: Failed to fetch pipeline stats. Details: "Can't add new command when connection is in closed state"
[2026-08-06T07:06:22.692Z] 500 Error: Failed to fetch pipeline stats. Details: "Can't add new command when connection is in closed state"
[2026-08-06T07:06:22.729Z] 500 Error: Failed to fetch pipeline stats. Details: "Can't add new command when connection is in closed state"
[2026-08-06T07:06:22.807Z] 500 Error: Failed to fetch pipeline stats. Details: "Can't add new command when connection is in closed state"
[2026-08-06T07:06:22.864Z] 500 Error: Failed to fetch pipeline stats. Details: "Can't add new command when connection is in closed state"
[2026-08-06T07:06:22.909Z] 500 Error: Failed to fetch pipeline stats. Details: "Can't add new command when connection is in closed state"
[2026-08-06T07:06:22.951Z] 500 Error: Failed to fetch pipeline stats. Details: "Can't add new command when connection is in closed state"
[2026-08-06T07:06:22.988Z] 500 Error: Failed to fetch pipeline stats. Details: "Can't add new command when connection is in closed state"
[2026-08-06T07:06:23.032Z] 500 Error: Failed to fetch pipeline stats. Details: "Can't add new command when connection is in closed state"
[2026-08-06T07:06:23.058Z] 500 Error: Failed to fetch pipeline stats. Details: "Can't add new command when connection is in closed state"
[2026-08-06T07:06:23.098Z] 500 Error: Failed to fetch pipeline stats. Details: "Can't add new command when connection is in closed state"
[2026-08-06T07:06:23.144Z] 500 Error: Failed to fetch pipeline stats. Details: "Can't add new command when connection is in closed state"
[2026-08-06T07:06:23.188Z] 500 Error: Failed to fetch pipeline stats. Details: "Can't add new command when connection is in closed state"
[2026-08-06T07:06:23.232Z] 500 Error: Failed to fetch pipeline stats. Details: "Can't add new command when connection is in closed state"
[2026-08-06T07:06:23.276Z] 500 Error: Failed to fetch pipeline stats. Details: "Can't add new command when connection is in closed state"
[2026-08-06T07:06:23.311Z] 500 Error: Failed to fetch pipeline stats. Details: "Can't add new command when connection is in closed state"
[2026-08-06T07:06:23.354Z] 500 Error: Failed to fetch pipeline stats. Details: "Can't add new command when connection is in closed state"
[2026-08-06T07:06:23.385Z] 500 Error: Failed to fetch pipeline stats. Details: "Can't add new command when connection is in closed state"
[2026-08-06T07:06:23.418Z] 500 Error: Failed to fetch pipeline stats. Details: "Can't add new command when connection is in closed state"
[2026-08-06T07:06:23.472Z] 500 Error: Failed to fetch pipeline stats. Details: "Can't add new command when connection is in closed state"
[2026-08-06T07:06:23.510Z] 500 Error: Failed to fetch pipeline stats. Details: "Can't add new command when connection is in closed state"
[2026-08-06T07:06:23.538Z] 500 Error: Failed to fetch pipeline stats. Details: "Can't add new command when connection is in closed state"
[2026-08-06T07:06:23.569Z] 500 Error: Failed to fetch pipeline stats. Details: "Can't add new command when connection is in closed state"
[2026-08-06T07:06:23.626Z] 500 Error: Failed to fetch pipeline stats. Details: "Can't add new command when connection is in closed state"
[2026-08-06T07:06:23.705Z] 500 Error: Failed to fetch pipeline stats. Details: "Can't add new command when connection is in closed state"
[2026-08-06T07:06:23.752Z] 500 Error: Failed to fetch pipeline stats. Details: "Can't add new command when connection is in closed state"
[2026-08-06T07:06:23.781Z] 500 Error: Failed to fetch pipeline stats. Details: "Can't add new command when connection is in closed state"
[2026-08-06T07:06:23.810Z] 500 Error: Failed to fetch pipeline stats. Details: "Can't add new command when connection is in closed state"
[2026-08-06T07:06:23.839Z] 500 Error: Failed to fetch pipeline stats. Details: "Can't add new command when connection is in closed state"
[2026-08-06T07:06:23.858Z] 500 Error: Failed to fetch pipeline stats. Details: "Can't add new command when connection is in closed state"
[2026-08-06T07:06:23.882Z] 500 Error: Failed to fetch pipeline stats. Details: "Can't add new command when connection is in closed state"
[2026-08-06T07:06:23.904Z] 500 Error: Failed to fetch pipeline stats. Details: "Can't add new command when connection is in closed state"
[2026-08-06T07:06:23.940Z] 500 Error: Failed to fetch pipeline stats. Details: "Can't add new command when connection is in closed state"
[2026-08-06T07:06:23.971Z] 500 Error: Failed to fetch pipeline stats. Details: "Can't add new command when connection is in closed state"
[2026-08-06T07:06:23.998Z] 500 Error: Failed to fetch pipeline stats. Details: "Can't add new command when connection is in closed state"
[2026-08-06T07:06:24.021Z] 500 Error: Failed to fetch pipeline stats. Details: "Can't add new command when connection is in closed state"
[2026-08-06T07:06:24.058Z] 500 Error: Failed to fetch pipeline stats. Details: "Can't add new command when connection is in closed state"
[2026-08-06T07:06:24.090Z] 500 Error: Failed to fetch pipeline stats. Details: "Can't add new command when connection is in closed state"
[2026-08-06T07:06:24.123Z] 500 Error: Failed to fetch pipeline stats. Details: "Can't add new command when connection is in closed state"
[2026-08-06T07:06:24.158Z] 500 Error: Failed to fetch pipeline stats. Details: "Can't add new command when connection is in closed state"
[2026-08-06T07:06:24.197Z] 500 Error: Failed to fetch pipeline stats. Details: "Can't add new command when connection is in closed state"
[2026-08-06T07:06:24.216Z] 500 Error: Failed to fetch pipeline stats. Details: "Can't add new command when connection is in closed state"
[2026-08-06T07:06:24.253Z] 500 Error: Failed to fetch pipeline stats. Details: "Can't add new command when connection is in closed state"
[2026-08-06T07:06:24.279Z] 500 Error: Failed to fetch pipeline stats. Details: "Can't add new command when connection is in closed state"
[2026-08-06T07:06:24.307Z] 500 Error: Failed to fetch pipeline stats. Details: "Can't add new command when connection is in closed state"
[2026-08-06T07:06:24.354Z] 500 Error: Failed to fetch pipeline stats. Details: "Can't add new command when connection is in closed state"
[2026-08-06T07:06:24.401Z] 500 Error: Failed to fetch pipeline stats. Details: "Can't add new command when connection is in closed state"
[2026-08-06T07:06:24.463Z] 500 Error: Failed to fetch pipeline stats. Details: "Can't add new command when connection is in closed state"
[2026-08-06T07:06:24.513Z] 500 Error: Failed to fetch pipeline stats. Details: "Can't add new command when connection is in closed state"
[2026-08-06T07:06:24.573Z] 500 Error: Failed to fetch pipeline stats. Details: "Can't add new command when connection is in closed state"
[2026-08-06T07:06:24.618Z] 500 Error: Failed to fetch pipeline stats. Details: "Can't add new command when connection is in closed state"
[2026-08-06T07:06:24.651Z] 500 Error: Failed to fetch pipeline stats. Details: "Can't add new command when connection is in closed state"
[2026-08-06T07:06:24.703Z] 500 Error: Failed to fetch pipeline stats. Details: "Can't add new command when connection is in closed state"
[2026-08-06T07:06:24.747Z] 500 Error: Failed to fetch pipeline stats. Details: "Can't add new command when connection is in closed state"
[2026-08-06T07:06:24.779Z] 500 Error: Failed to fetch pipeline stats. Details: "Can't add new command when connection is in closed state"
[2026-08-06T07:06:24.823Z] 500 Error: Failed to fetch pipeline stats. Details: "Can't add new command when connection is in closed state"
[2026-08-06T07:06:24.873Z] 500 Error: Failed to fetch pipeline stats. Details: "Can't add new command when connection is in closed state"
[2026-08-06T07:06:24.902Z] 500 Error: Failed to fetch pipeline stats. Details: "Can't add new command when connection is in closed state"
[2026-08-06T07:06:24.953Z] 500 Error: Failed to fetch pipeline stats. Details: "Can't add new command when connection is in closed state"
[2026-08-06T07:06:25.000Z] 500 Error: Failed to fetch pipeline stats. Details: "Can't add new command when connection is in closed state"
[2026-08-06T07:06:25.042Z] 500 Error: Failed to fetch pipeline stats. Details: "Can't add new command when connection is in closed state"
[2026-08-06T07:06:25.077Z] 500 Error: Failed to fetch pipeline stats. Details: "Can't add new command when connection is in closed state"
[2026-08-06T07:06:25.119Z] 500 Error: Failed to fetch pipeline stats. Details: "Can't add new command when connection is in closed state"
[2026-08-06T07:06:25.156Z] 500 Error: Failed to fetch pipeline stats. Details: "Can't add new command when connection is in closed state"
[2026-08-06T07:06:25.192Z] 500 Error: Failed to fetch pipeline stats. Details: "Can't add new command when connection is in closed state"
[2026-08-06T07:06:25.231Z] 500 Error: Failed to fetch pipeline stats. Details: "Can't add new command when connection is in closed state"
[2026-08-06T07:06:25.280Z] 500 Error: Failed to fetch pipeline stats. Details: "Can't add new command when connection is in closed state"
[2026-08-06T07:06:25.322Z] 500 Error: Failed to fetch pipeline stats. Details: "Can't add new command when connection is in closed state"
[2026-08-06T07:06:25.367Z] 500 Error: Failed to fetch pipeline stats. Details: "Can't add new command when connection is in closed state"
[2026-08-06T07:06:25.445Z] 500 Error: Failed to fetch pipeline stats. Details: "Can't add new command when connection is in closed state"
[2026-08-06T07:06:25.484Z] 500 Error: Failed to fetch pipeline stats. Details: "Can't add new command when connection is in closed state"
[2026-08-06T07:06:25.508Z] 500 Error: Failed to fetch pipeline stats. Details: "Can't add new command when connection is in closed state"
[2026-08-06T07:06:25.542Z] 500 Error: Failed to fetch pipeline stats. Details: "Can't add new command when connection is in closed state"
[2026-08-06T07:06:25.577Z] 500 Error: Failed to fetch pipeline stats. Details: "Can't add new command when connection is in closed state"
[2026-08-06T07:06:25.609Z] 500 Error: Failed to fetch pipeline stats. Details: "Can't add new command when connection is in closed state"
[2026-08-06T07:06:25.641Z] 500 Error: Failed to fetch pipeline stats. Details: "Can't add new command when connection is in closed state"
[2026-08-06T07:06:25.669Z] 500 Error: Failed to fetch pipeline stats. Details: "Can't add new command when connection is in closed state"
[2026-08-06T07:06:25.703Z] 500 Error: Failed to fetch pipeline stats. Details: "Can't add new command when connection is in closed state"
[2026-08-06T07:06:25.739Z] 500 Error: Failed to fetch pipeline stats. Details: "Can't add new command when connection is in closed state"
[2026-08-06T07:06:25.788Z] 500 Error: Failed to fetch pipeline stats. Details: "Can't add new command when connection is in closed state"
[2026-08-06T07:06:25.820Z] 500 Error: Failed to fetch pipeline stats. Details: "Can't add new command when connection is in closed state"
[2026-08-06T07:06:25.895Z] 500 Error: Failed to fetch pipeline stats. Details: "Can't add new command when connection is in closed state"
[2026-08-06T07:06:25.936Z] 500 Error: Failed to fetch pipeline stats. Details: "Can't add new command when connection is in closed state"
[2026-08-06T07:06:25.968Z] 500 Error: Failed to fetch pipeline stats. Details: "Can't add new command when connection is in closed state"
[2026-08-06T07:06:26.031Z] 500 Error: Failed to fetch pipeline stats. Details: "Can't add new command when connection is in closed state"
[2026-08-06T07:06:26.080Z] 500 Error: Failed to fetch pipeline stats. Details: "Can't add new command when connection is in closed state"
[2026-08-06T07:06:26.129Z] 500 Error: Failed to fetch pipeline stats. Details: "Can't add new command when connection is in closed state"
[2026-08-06T07:06:26.192Z] 500 Error: Failed to fetch pipeline stats. Details: "Can't add new command when connection is in closed state"
[2026-08-06T07:06:26.251Z] 500 Error: Failed to fetch pipeline stats. Details: "Can't add new command when connection is in closed state"
[2026-08-06T07:06:26.303Z] 500 Error: Failed to fetch pipeline stats. Details: "Can't add new command when connection is in closed state"
[2026-08-06T07:06:26.352Z] 500 Error: Failed to fetch pipeline stats. Details: "Can't add new command when connection is in closed state"
[2026-08-06T07:06:26.411Z] 500 Error: Failed to fetch pipeline stats. Details: "Can't add new command when connection is in closed state"
[2026-08-06T07:06:26.453Z] 500 Error: Failed to fetch pipeline stats. Details: "Can't add new command when connection is in closed state"
[2026-08-06T07:06:26.484Z] 500 Error: Failed to fetch pipeline stats. Details: "Can't add new command when connection is in closed state"
[2026-08-06T07:06:26.536Z] 500 Error: Failed to fetch pipeline stats. Details: "Can't add new command when connection is in closed state"
[2026-08-06T07:06:26.572Z] 500 Error: Failed to fetch pipeline stats. Details: "Can't add new command when connection is in closed state"
[2026-08-06T07:06:26.610Z] 500 Error: Failed to fetch pipeline stats. Details: "Can't add new command when connection is in closed state"
[2026-08-06T07:06:26.658Z] 500 Error: Failed to fetch pipeline stats. Details: "Can't add new command when connection is in closed state"
[2026-08-06T07:06:26.690Z] 500 Error: Failed to fetch pipeline stats. Details: "Can't add new command when connection is in closed state"
[2026-08-06T07:06:26.725Z] 500 Error: Failed to fetch pipeline stats. Details: "Can't add new command when connection is in closed state"
[2026-08-06T07:06:26.780Z] 500 Error: Failed to fetch pipeline stats. Details: "Can't add new command when connection is in closed state"
[2026-08-06T07:06:26.838Z] 500 Error: Failed to fetch pipeline stats. Details: "Can't add new command when connection is in closed state"
[2026-08-06T07:06:26.883Z] 500 Error: Failed to fetch pipeline stats. Details: "Can't add new command when connection is in closed state"
[2026-08-06T07:06:26.919Z] 500 Error: Failed to fetch pipeline stats. Details: "Can't add new command when connection is in closed state"
[2026-08-06T07:06:26.943Z] 500 Error: Failed to fetch pipeline stats. Details: "Can't add new command when connection is in closed state"
[2026-08-06T07:06:26.967Z] 500 Error: Failed to fetch pipeline stats. Details: "Can't add new command when connection is in closed state"
[2026-08-06T07:06:27.001Z] 500 Error: Failed to fetch pipeline stats. Details: "Can't add new command when connection is in closed state"
[2026-08-06T07:06:27.040Z] 500 Error: Failed to fetch pipeline stats. Details: "Can't add new command when connection is in closed state"
[2026-08-06T07:06:27.114Z] 500 Error: Failed to fetch pipeline stats. Details: "Can't add new command when connection is in closed state"
[2026-08-06T07:06:27.149Z] 500 Error: Failed to fetch pipeline stats. Details: "Can't add new command when connection is in closed state"
[2026-08-06T07:06:27.187Z] 500 Error: Failed to fetch pipeline stats. Details: "Can't add new command when connection is in closed state"
[2026-08-06T07:06:27.224Z] 500 Error: Failed to fetch pipeline stats. Details: "Can't add new command when connection is in closed state"
[2026-08-06T07:06:27.263Z] 500 Error: Failed to fetch pipeline stats. Details: "Can't add new command when connection is in closed state"
[2026-08-06T07:06:27.300Z] 500 Error: Failed to fetch pipeline stats. Details: "Can't add new command when connection is in closed state"
[2026-08-06T07:06:27.335Z] 500 Error: Failed to fetch pipeline stats. Details: "Can't add new command when connection is in closed state"
[2026-08-06T07:06:27.369Z] 500 Error: Failed to fetch pipeline stats. Details: "Can't add new command when connection is in closed state"
[2026-08-06T07:06:27.403Z] 500 Error: Failed to fetch pipeline stats. Details: "Can't add new command when connection is in closed state"
[2026-08-06T07:06:27.437Z] 500 Error: Failed to fetch pipeline stats. Details: "Can't add new command when connection is in closed state"
[2026-08-06T07:06:27.472Z] 500 Error: Failed to fetch pipeline stats. Details: "Can't add new command when connection is in closed state"
[2026-08-06T07:06:27.514Z] 500 Error: Failed to fetch pipeline stats. Details: "Can't add new command when connection is in closed state"
[2026-08-06T07:06:27.550Z] 500 Error: Failed to fetch pipeline stats. Details: "Can't add new command when connection is in closed state"
[2026-08-06T07:06:27.584Z] 500 Error: Failed to fetch pipeline stats. Details: "Can't add new command when connection is in closed state"
[2026-08-06T07:06:27.622Z] 500 Error: Failed to fetch pipeline stats. Details: "Can't add new command when connection is in closed state"
[2026-08-06T07:06:27.644Z] 500 Error: Failed to fetch pipeline stats. Details: "Can't add new command when connection is in closed state"
[2026-08-06T07:06:27.678Z] 500 Error: Failed to fetch pipeline stats. Details: "Can't add new command when connection is in closed state"
[2026-08-06T07:06:27.704Z] 500 Error: Failed to fetch pipeline stats. Details: "Can't add new command when connection is in closed state"
[2026-08-06T07:06:27.755Z] 500 Error: Failed to fetch pipeline stats. Details: "Can't add new command when connection is in closed state"
[2026-08-06T07:06:27.794Z] 500 Error: Failed to fetch pipeline stats. Details: "Can't add new command when connection is in closed state"
[2026-08-06T07:06:27.842Z] 500 Error: Failed to fetch pipeline stats. Details: "Can't add new command when connection is in closed state"
[2026-08-06T07:06:27.889Z] 500 Error: Failed to fetch pipeline stats. Details: "Can't add new command when connection is in closed state"
[2026-08-06T07:06:27.934Z] 500 Error: Failed to fetch pipeline stats. Details: "Can't add new command when connection is in closed state"
[2026-08-06T07:06:27.973Z] 500 Error: Failed to fetch pipeline stats. Details: "Can't add new command when connection is in closed state"
[2026-08-06T07:06:28.019Z] 500 Error: Failed to fetch pipeline stats. Details: "Can't add new command when connection is in closed state"
[2026-08-06T07:06:28.053Z] 500 Error: Failed to fetch pipeline stats. Details: "Can't add new command when connection is in closed state"
[2026-08-06T07:06:28.111Z] 500 Error: Failed to fetch pipeline stats. Details: "Can't add new command when connection is in closed state"
[2026-08-06T07:06:28.151Z] 500 Error: Failed to fetch pipeline stats. Details: "Can't add new command when connection is in closed state"
[2026-08-06T07:06:28.200Z] 500 Error: Failed to fetch pipeline stats. Details: "Can't add new command when connection is in closed state"
[2026-08-06T07:06:28.252Z] 500 Error: Failed to fetch pipeline stats. Details: "Can't add new command when connection is in closed state"
[2026-08-06T07:06:28.299Z] 500 Error: Failed to fetch pipeline stats. Details: "Can't add new command when connection is in closed state"
[2026-08-06T07:06:28.345Z] 500 Error: Failed to fetch pipeline stats. Details: "Can't add new command when connection is in closed state"
[2026-08-06T07:06:28.370Z] 500 Error: Failed to fetch pipeline stats. Details: "Can't add new command when connection is in closed state"
[2026-08-06T07:06:28.406Z] 500 Error: Failed to fetch pipeline stats. Details: "Can't add new command when connection is in closed state"
[2026-08-06T07:06:28.445Z] 500 Error: Failed to fetch pipeline stats. Details: "Can't add new command when connection is in closed state"
[2026-08-06T07:06:28.494Z] 500 Error: Failed to fetch pipeline stats. Details: "Can't add new command when connection is in closed state"
[2026-08-06T07:06:28.536Z] 500 Error: Failed to fetch pipeline stats. Details: "Can't add new command when connection is in closed state"
[2026-08-06T07:06:28.590Z] 500 Error: Failed to fetch pipeline stats. Details: "Can't add new command when connection is in closed state"
[2026-08-06T07:06:28.643Z] 500 Error: Failed to fetch pipeline stats. Details: "Can't add new command when connection is in closed state"
[2026-08-06T07:06:28.677Z] 500 Error: Failed to fetch pipeline stats. Details: "Can't add new command when connection is in closed state"
[2026-08-06T07:06:28.716Z] 500 Error: Failed to fetch pipeline stats. Details: "Can't add new command when connection is in closed state"
[2026-08-06T07:06:28.762Z] 500 Error: Failed to fetch pipeline stats. Details: "Can't add new command when connection is in closed state"
[2026-08-06T07:06:28.810Z] 500 Error: Failed to fetch pipeline stats. Details: "Can't add new command when connection is in closed state"
[2026-08-06T07:06:28.850Z] 500 Error: Failed to fetch pipeline stats. Details: "Can't add new command when connection is in closed state"
[2026-08-06T07:06:28.907Z] 500 Error: Failed to fetch pipeline stats. Details: "Can't add new command when connection is in closed state"
[2026-08-06T07:06:28.944Z] 500 Error: Failed to fetch pipeline stats. Details: "Can't add new command when connection is in closed state"
[2026-08-06T07:06:29.025Z] 500 Error: Failed to fetch pipeline stats. Details: "Can't add new command when connection is in closed state"
[2026-08-06T07:06:29.051Z] 500 Error: Failed to fetch pipeline stats. Details: "Can't add new command when connection is in closed state"
[2026-08-06T07:06:29.083Z] 500 Error: Failed to fetch pipeline stats. Details: "Can't add new command when connection is in closed state"
[2026-08-06T07:06:29.124Z] 500 Error: Failed to fetch pipeline stats. Details: "Can't add new command when connection is in closed state"
[2026-08-06T07:06:29.153Z] 500 Error: Failed to fetch pipeline stats. Details: "Can't add new command when connection is in closed state"
[2026-08-06T07:06:29.186Z] 500 Error: Failed to fetch pipeline stats. Details: "Can't add new command when connection is in closed state"
[2026-08-06T07:06:29.221Z] 500 Error: Failed to fetch pipeline stats. Details: "Can't add new command when connection is in closed state"
[2026-08-06T07:06:29.248Z] 500 Error: Failed to fetch pipeline stats. Details: "Can't add new command when connection is in closed state"
[2026-08-06T07:06:29.279Z] 500 Error: Failed to fetch pipeline stats. Details: "Can't add new command when connection is in closed state"
[2026-08-06T07:06:29.308Z] 500 Error: Failed to fetch pipeline stats. Details: "Can't add new command when connection is in closed state"
[2026-08-06T07:06:29.330Z] 500 Error: Failed to fetch pipeline stats. Details: "Can't add new command when connection is in closed state"
[2026-08-06T07:06:29.351Z] 500 Error: Failed to fetch pipeline stats. Details: "Can't add new command when connection is in closed state"
[2026-08-06T07:06:29.387Z] 500 Error: Failed to fetch pipeline stats. Details: "Can't add new command when connection is in closed state"
[2026-08-06T07:06:29.419Z] 500 Error: Failed to fetch pipeline stats. Details: "Can't add new command when connection is in closed state"
[2026-08-06T07:06:29.449Z] 500 Error: Failed to fetch pipeline stats. Details: "Can't add new command when connection is in closed state"
[2026-08-06T07:06:29.481Z] 500 Error: Failed to fetch pipeline stats. Details: "Can't add new command when connection is in closed state"
[2026-08-06T07:06:29.520Z] 500 Error: Failed to fetch pipeline stats. Details: "Can't add new command when connection is in closed state"
[2026-08-06T07:06:29.555Z] 500 Error: Failed to fetch pipeline stats. Details: "Can't add new command when connection is in closed state"
[2026-08-06T07:06:29.591Z] 500 Error: Failed to fetch pipeline stats. Details: "Can't add new command when connection is in closed state"
[2026-08-06T07:06:29.612Z] 500 Error: Failed to fetch pipeline stats. Details: "Can't add new command when connection is in closed state"
[2026-08-06T07:06:29.631Z] 500 Error: Failed to fetch pipeline stats. Details: "Can't add new command when connection is in closed state"
[2026-08-06T07:06:29.666Z] 500 Error: Failed to fetch pipeline stats. Details: "Can't add new command when connection is in closed state"
[2026-08-06T07:06:29.722Z] 500 Error: Failed to fetch pipeline stats. Details: "Can't add new command when connection is in closed state"
[2026-08-06T07:06:29.766Z] 500 Error: Failed to fetch pipeline stats. Details: "Can't add new command when connection is in closed state"
[2026-08-06T07:06:29.820Z] 500 Error: Failed to fetch pipeline stats. Details: "Can't add new command when connection is in closed state"
[2026-08-06T07:06:29.845Z] 500 Error: Failed to fetch pipeline stats. Details: "Can't add new command when connection is in closed state"
[2026-08-06T07:06:29.892Z] 500 Error: Failed to fetch pipeline stats. Details: "Can't add new command when connection is in closed state"
[2026-08-06T07:06:29.930Z] 500 Error: Failed to fetch pipeline stats. Details: "Can't add new command when connection is in closed state"
[2026-08-06T07:06:29.976Z] 500 Error: Failed to fetch pipeline stats. Details: "Can't add new command when connection is in closed state"
[2026-08-06T07:06:30.032Z] 500 Error: Failed to fetch pipeline stats. Details: "Can't add new command when connection is in closed state"
[2026-08-06T07:06:30.068Z] 500 Error: Failed to fetch pipeline stats. Details: "Can't add new command when connection is in closed state"
[2026-08-06T07:06:30.115Z] 500 Error: Failed to fetch pipeline stats. Details: "Can't add new command when connection is in closed state"
[2026-08-06T07:06:30.154Z] 500 Error: Failed to fetch pipeline stats. Details: "Can't add new command when connection is in closed state"
[2026-08-06T07:06:30.178Z] 500 Error: Failed to fetch pipeline stats. Details: "Can't add new command when connection is in closed state"
[2026-08-06T07:06:30.204Z] 500 Error: Failed to fetch pipeline stats. Details: "Can't add new command when connection is in closed state"
[2026-08-06T07:06:30.235Z] 500 Error: Failed to fetch pipeline stats. Details: "Can't add new command when connection is in closed state"
[2026-08-06T07:06:30.277Z] 500 Error: Failed to fetch pipeline stats. Details: "Can't add new command when connection is in closed state"
[2026-08-06T07:06:30.323Z] 500 Error: Failed to fetch pipeline stats. Details: "Can't add new command when connection is in closed state"
[2026-08-06T07:06:30.368Z] 500 Error: Failed to fetch pipeline stats. Details: "Can't add new command when connection is in closed state"
[2026-08-06T07:06:30.419Z] 500 Error: Failed to fetch pipeline stats. Details: "Can't add new command when connection is in closed state"
[2026-08-06T07:06:30.468Z] 500 Error: Failed to fetch pipeline stats. Details: "Can't add new command when connection is in closed state"
[2026-08-06T07:06:30.498Z] 500 Error: Failed to fetch pipeline stats. Details: "Can't add new command when connection is in closed state"
[2026-08-06T07:06:30.529Z] 500 Error: Failed to fetch pipeline stats. Details: "Can't add new command when connection is in closed state"
[2026-08-06T07:06:30.562Z] 500 Error: Failed to fetch pipeline stats. Details: "Can't add new command when connection is in closed state"
[2026-08-06T07:06:30.605Z] 500 Error: Failed to fetch pipeline stats. Details: "Can't add new command when connection is in closed state"
[2026-08-06T07:06:30.679Z] 500 Error: Failed to fetch pipeline stats. Details: "Can't add new command when connection is in closed state"
[2026-08-06T07:06:30.724Z] 500 Error: Failed to fetch pipeline stats. Details: "Can't add new command when connection is in closed state"
[2026-08-06T07:06:30.757Z] 500 Error: Failed to fetch pipeline stats. Details: "Can't add new command when connection is in closed state"
[2026-08-06T07:06:30.800Z] 500 Error: Failed to fetch pipeline stats. Details: "Can't add new command when connection is in closed state"
[2026-08-06T07:06:30.844Z] 500 Error: Failed to fetch pipeline stats. Details: "Can't add new command when connection is in closed state"
[2026-08-06T07:06:30.890Z] 500 Error: Failed to fetch pipeline stats. Details: "Can't add new command when connection is in closed state"
[2026-08-06T07:06:30.923Z] 500 Error: Failed to fetch pipeline stats. Details: "Can't add new command when connection is in closed state"
[2026-08-06T07:06:30.969Z] 500 Error: Failed to fetch pipeline stats. Details: "Can't add new command when connection is in closed state"
[2026-08-06T07:06:31.001Z] 500 Error: Failed to fetch pipeline stats. Details: "Can't add new command when connection is in closed state"
[2026-08-06T07:06:31.042Z] 500 Error: Failed to fetch pipeline stats. Details: "Can't add new command when connection is in closed state"
[2026-08-06T07:06:31.074Z] 500 Error: Failed to fetch pipeline stats. Details: "Can't add new command when connection is in closed state"
[2026-08-06T07:06:31.109Z] 500 Error: Failed to fetch pipeline stats. Details: "Can't add new command when connection is in closed state"
[2026-08-06T07:06:31.148Z] 500 Error: Failed to fetch pipeline stats. Details: "Can't add new command when connection is in closed state"
[2026-08-06T07:06:31.181Z] 500 Error: Failed to fetch pipeline stats. Details: "Can't add new command when connection is in closed state"
[2026-08-06T07:06:31.227Z] 500 Error: Failed to fetch pipeline stats. Details: "Can't add new command when connection is in closed state"
[2026-08-06T07:06:31.236Z] 500 Error: Failed to fetch pipeline stats. Details: "Can't add new command when connection is in closed state"
[2026-08-06T07:06:31.263Z] 500 Error: Failed to fetch pipeline stats. Details: "Can't add new command when connection is in closed state"
[2026-08-06T07:06:31.297Z] 500 Error: Failed to fetch pipeline stats. Details: "Can't add new command when connection is in closed state"
[2026-08-06T07:06:31.329Z] 500 Error: Failed to fetch pipeline stats. Details: "Can't add new command when connection is in closed state"
[2026-08-06T07:06:31.378Z] 500 Error: Failed to fetch pipeline stats. Details: "Can't add new command when connection is in closed state"
[2026-08-06T07:06:31.416Z] 500 Error: Failed to fetch pipeline stats. Details: "Can't add new command when connection is in closed state"
[2026-08-06T07:06:31.478Z] 500 Error: Failed to fetch pipeline stats. Details: "Can't add new command when connection is in closed state"
[2026-08-06T07:06:31.534Z] 500 Error: Failed to fetch pipeline stats. Details: "Can't add new command when connection is in closed state"
[2026-08-06T07:06:31.689Z] 500 Error: Failed to fetch pipeline stats. Details: "Can't add new command when connection is in closed state"
[2026-08-06T07:06:31.730Z] 500 Error: Failed to fetch pipeline stats. Details: "Can't add new command when connection is in closed state"
[2026-08-06T07:06:31.795Z] 500 Error: Failed to fetch pipeline stats. Details: "Can't add new command when connection is in closed state"
[2026-08-06T07:06:31.851Z] 500 Error: Failed to fetch pipeline stats. Details: "Can't add new command when connection is in closed state"
[2026-08-06T07:06:31.904Z] 500 Error: Failed to fetch pipeline stats. Details: "Can't add new command when connection is in closed state"
[2026-08-06T07:06:31.938Z] 500 Error: Failed to fetch pipeline stats. Details: "Can't add new command when connection is in closed state"
[2026-08-06T07:06:31.986Z] 500 Error: Failed to fetch pipeline stats. Details: "Can't add new command when connection is in closed state"
[2026-08-06T07:06:32.046Z] 500 Error: Failed to fetch pipeline stats. Details: "Can't add new command when connection is in closed state"
[2026-08-06T07:06:32.083Z] 500 Error: Failed to fetch pipeline stats. Details: "Can't add new command when connection is in closed state"
[2026-08-06T07:06:32.130Z] 500 Error: Failed to fetch pipeline stats. Details: "Can't add new command when connection is in closed state"
[2026-08-06T07:06:32.205Z] 500 Error: Failed to fetch pipeline stats. Details: "Can't add new command when connection is in closed state"
[2026-08-06T07:06:32.301Z] 500 Error: Failed to fetch pipeline stats. Details: "Can't add new command when connection is in closed state"
[2026-08-06T07:06:32.349Z] 500 Error: Failed to fetch pipeline stats. Details: "Can't add new command when connection is in closed state"
[2026-08-06T07:06:32.400Z] 500 Error: Failed to fetch pipeline stats. Details: "Can't add new command when connection is in closed state"
[2026-08-06T07:06:32.444Z] 500 Error: Failed to fetch pipeline stats. Details: "Can't add new command when connection is in closed state"
[2026-08-06T07:06:32.491Z] 500 Error: Failed to fetch pipeline stats. Details: "Can't add new command when connection is in closed state"
[2026-08-06T07:06:32.541Z] 500 Error: Failed to fetch pipeline stats. Details: "Can't add new command when connection is in closed state"
[2026-08-06T07:06:32.600Z] 500 Error: Failed to fetch pipeline stats. Details: "Can't add new command when connection is in closed state"
[2026-08-06T07:06:32.657Z] 500 Error: Failed to fetch pipeline stats. Details: "Can't add new command when connection is in closed state"
[2026-08-06T07:06:32.717Z] 500 Error: Failed to fetch pipeline stats. Details: "Can't add new command when connection is in closed state"
[2026-08-06T07:06:32.765Z] 500 Error: Failed to fetch pipeline stats. Details: "Can't add new command when connection is in closed state"
[2026-08-06T07:06:32.847Z] 500 Error: Failed to fetch pipeline stats. Details: "Can't add new command when connection is in closed state"
[2026-08-06T07:06:32.880Z] 500 Error: Failed to fetch pipeline stats. Details: "Can't add new command when connection is in closed state"
[2026-08-06T07:06:32.913Z] 500 Error: Failed to fetch pipeline stats. Details: "Can't add new command when connection is in closed state"
[2026-08-06T07:06:32.941Z] 500 Error: Failed to fetch pipeline stats. Details: "Can't add new command when connection is in closed state"
[2026-08-06T07:06:32.967Z] 500 Error: Failed to fetch pipeline stats. Details: "Can't add new command when connection is in closed state"
[2026-08-06T07:06:32.997Z] 500 Error: Failed to fetch pipeline stats. Details: "Can't add new command when connection is in closed state"
[2026-08-06T07:06:33.026Z] 500 Error: Failed to fetch pipeline stats. Details: "Can't add new command when connection is in closed state"
[2026-08-06T07:06:33.047Z] 500 Error: Failed to fetch pipeline stats. Details: "Can't add new command when connection is in closed state"
[2026-08-06T07:06:33.072Z] 500 Error: Failed to fetch pipeline stats. Details: "Can't add new command when connection is in closed state"
[2026-08-06T07:06:33.094Z] 500 Error: Failed to fetch pipeline stats. Details: "Can't add new command when connection is in closed state"
[2026-08-06T07:06:33.113Z] 500 Error: Failed to fetch pipeline stats. Details: "Can't add new command when connection is in closed state"
[2026-08-06T07:06:33.137Z] 500 Error: Failed to fetch pipeline stats. Details: "Can't add new command when connection is in closed state"
[2026-08-06T07:06:33.167Z] 500 Error: Failed to fetch pipeline stats. Details: "Can't add new command when connection is in closed state"
[2026-08-06T07:06:33.197Z] 500 Error: Failed to fetch pipeline stats. Details: "Can't add new command when connection is in closed state"
[2026-08-06T07:06:33.228Z] 500 Error: Failed to fetch pipeline stats. Details: "Can't add new command when connection is in closed state"
[2026-08-06T07:06:33.265Z] 500 Error: Failed to fetch pipeline stats. Details: "Can't add new command when connection is in closed state"
[2026-08-06T07:06:33.286Z] 500 Error: Failed to fetch pipeline stats. Details: "Can't add new command when connection is in closed state"
[2026-08-06T07:06:33.312Z] 500 Error: Failed to fetch pipeline stats. Details: "Can't add new command when connection is in closed state"
[2026-08-06T07:06:33.335Z] 500 Error: Failed to fetch pipeline stats. Details: "Can't add new command when connection is in closed state"
[2026-08-06T07:06:33.365Z] 500 Error: Failed to fetch pipeline stats. Details: "Can't add new command when connection is in closed state"
[2026-08-06T07:06:33.391Z] 500 Error: Failed to fetch pipeline stats. Details: "Can't add new command when connection is in closed state"
[2026-08-06T07:06:33.416Z] 500 Error: Failed to fetch pipeline stats. Details: "Can't add new command when connection is in closed state"
[2026-08-06T07:06:33.446Z] 500 Error: Failed to fetch pipeline stats. Details: "Can't add new command when connection is in closed state"
[2026-08-06T07:06:33.504Z] 500 Error: Failed to fetch pipeline stats. Details: "Can't add new command when connection is in closed state"
[2026-08-06T07:06:33.538Z] 500 Error: Failed to fetch pipeline stats. Details: "Can't add new command when connection is in closed state"
[2026-08-06T07:06:33.573Z] 500 Error: Failed to fetch pipeline stats. Details: "Can't add new command when connection is in closed state"
[2026-08-06T07:06:33.616Z] 500 Error: Failed to fetch pipeline stats. Details: "Can't add new command when connection is in closed state"
[2026-08-06T07:06:33.673Z] 500 Error: Failed to fetch pipeline stats. Details: "Can't add new command when connection is in closed state"
[2026-08-06T07:06:33.774Z] 500 Error: Failed to fetch pipeline stats. Details: "Can't add new command when connection is in closed state"
[2026-08-06T07:06:33.835Z] 500 Error: Failed to fetch pipeline stats. Details: "Can't add new command when connection is in closed state"
[2026-08-06T07:06:33.877Z] 500 Error: Failed to fetch pipeline stats. Details: "Can't add new command when connection is in closed state"
[2026-08-06T07:06:33.912Z] 500 Error: Failed to fetch pipeline stats. Details: "Can't add new command when connection is in closed state"
[2026-08-06T07:06:33.951Z] 500 Error: Failed to fetch pipeline stats. Details: "Can't add new command when connection is in closed state"
[2026-08-06T07:06:33.981Z] 500 Error: Failed to fetch pipeline stats. Details: "Can't add new command when connection is in closed state"
[2026-08-06T07:06:34.029Z] 500 Error: Failed to fetch pipeline stats. Details: "Can't add new command when connection is in closed state"
[2026-08-06T07:06:34.067Z] 500 Error: Failed to fetch pipeline stats. Details: "Can't add new command when connection is in closed state"
[2026-08-06T07:06:34.091Z] 500 Error: Failed to fetch pipeline stats. Details: "Can't add new command when connection is in closed state"
[2026-08-06T07:06:34.128Z] 500 Error: Failed to fetch pipeline stats. Details: "Can't add new command when connection is in closed state"
[2026-08-06T07:06:34.166Z] 500 Error: Failed to fetch pipeline stats. Details: "Can't add new command when connection is in closed state"
[2026-08-06T07:06:34.215Z] 500 Error: Failed to fetch pipeline stats. Details: "Can't add new command when connection is in closed state"
[2026-08-06T07:06:34.249Z] 500 Error: Failed to fetch pipeline stats. Details: "Can't add new command when connection is in closed state"
[2026-08-06T07:06:34.284Z] 500 Error: Failed to fetch pipeline stats. Details: "Can't add new command when connection is in closed state"
[2026-08-06T07:06:34.334Z] 500 Error: Failed to fetch pipeline stats. Details: "Can't add new command when connection is in closed state"
[2026-08-06T07:06:34.381Z] 500 Error: Failed to fetch pipeline stats. Details: "Can't add new command when connection is in closed state"
[2026-08-06T07:06:34.409Z] 500 Error: Failed to fetch pipeline stats. Details: "Can't add new command when connection is in closed state"
[2026-08-06T07:06:34.440Z] 500 Error: Failed to fetch pipeline stats. Details: "Can't add new command when connection is in closed state"
[2026-08-06T07:06:34.475Z] 500 Error: Failed to fetch pipeline stats. Details: "Can't add new command when connection is in closed state"
[2026-08-06T07:06:34.516Z] 500 Error: Failed to fetch pipeline stats. Details: "Can't add new command when connection is in closed state"
[2026-08-06T07:06:34.561Z] 500 Error: Failed to fetch pipeline stats. Details: "Can't add new command when connection is in closed state"
[2026-08-06T07:06:34.645Z] 500 Error: Failed to fetch pipeline stats. Details: "Can't add new command when connection is in closed state"
[2026-08-06T07:06:34.684Z] 500 Error: Failed to fetch pipeline stats. Details: "Can't add new command when connection is in closed state"
[2026-08-06T07:06:34.711Z] 500 Error: Failed to fetch pipeline stats. Details: "Can't add new command when connection is in closed state"
[2026-08-06T07:06:34.732Z] 500 Error: Failed to fetch pipeline stats. Details: "Can't add new command when connection is in closed state"
[2026-08-06T07:06:34.760Z] 500 Error: Failed to fetch pipeline stats. Details: "Can't add new command when connection is in closed state"
[2026-08-06T07:06:34.796Z] 500 Error: Failed to fetch pipeline stats. Details: "Can't add new command when connection is in closed state"
[2026-08-06T07:06:36.878Z] 500 Error: Failed to fetch pipeline stats. Details: "Can't add new command when connection is in closed state"
[2026-08-06T07:06:36.887Z] 500 Error: Failed to fetch pipeline stats. Details: "Can't add new command when connection is in closed state"
[2026-08-06T07:06:36.893Z] 500 Error: Failed to fetch pipeline stats. Details: "Can't add new command when connection is in closed state"
[2026-08-06T07:06:36.899Z] 500 Error: Failed to fetch pipeline stats. Details: "Can't add new command when connection is in closed state"
[2026-08-06T07:06:36.904Z] 500 Error: Failed to fetch pipeline stats. Details: "Can't add new command when connection is in closed state"
[2026-08-06T07:06:36.910Z] 500 Error: Failed to fetch pipeline stats. Details: "Can't add new command when connection is in closed state"
[2026-08-06T07:06:36.914Z] 500 Error: Failed to fetch pipeline stats. Details: "Can't add new command when connection is in closed state"
[2026-08-06T07:06:36.918Z] 500 Error: Failed to fetch pipeline stats. Details: "Can't add new command when connection is in closed state"
[2026-08-06T07:06:36.924Z] 500 Error: Failed to fetch pipeline stats. Details: "Can't add new command when connection is in closed state"
[2026-08-06T07:06:36.928Z] 500 Error: Failed to fetch pipeline stats. Details: "Can't add new command when connection is in closed state"
[2026-08-06T07:06:36.932Z] 500 Error: Failed to fetch pipeline stats. Details: "Can't add new command when connection is in closed state"
[2026-08-06T07:06:36.936Z] 500 Error: Failed to fetch pipeline stats. Details: "Can't add new command when connection is in closed state"
[2026-08-06T07:06:36.941Z] 500 Error: Failed to fetch pipeline stats. Details: "Can't add new command when connection is in closed state"
[2026-08-06T07:06:36.945Z] 500 Error: Failed to fetch pipeline stats. Details: "Can't add new command when connection is in closed state"
[2026-08-06T07:06:36.950Z] 500 Error: Failed to fetch pipeline stats. Details: "Can't add new command when connection is in closed state"
[2026-08-06T07:06:36.954Z] 500 Error: Failed to fetch pipeline stats. Details: "Can't add new command when connection is in closed state"
[2026-08-06T07:06:36.961Z] 500 Error: Failed to fetch pipeline stats. Details: "Can't add new command when connection is in closed state"
[2026-08-06T07:06:36.965Z] 500 Error: Failed to fetch pipeline stats. Details: "Can't add new command when connection is in closed state"
[2026-08-06T07:06:36.969Z] 500 Error: Failed to fetch pipeline stats. Details: "Can't add new command when connection is in closed state"
[2026-08-06T07:06:36.974Z] 500 Error: Failed to fetch pipeline stats. Details: "Can't add new command when connection is in closed state"
[2026-08-06T07:06:36.980Z] 500 Error: Failed to fetch pipeline stats. Details: "Can't add new command when connection is in closed state"
[2026-08-06T07:06:36.984Z] 500 Error: Failed to fetch pipeline stats. Details: "Can't add new command when connection is in closed state"
[2026-08-06T07:06:36.989Z] 500 Error: Failed to fetch pipeline stats. Details: "Can't add new command when connection is in closed state"
[2026-08-06T07:06:37.000Z] 500 Error: Failed to fetch pipeline stats. Details: "Can't add new command when connection is in closed state"
[2026-08-06T07:06:37.033Z] 500 Error: Failed to fetch pipeline stats. Details: "Can't add new command when connection is in closed state"
[2026-08-06T07:06:37.065Z] 500 Error: Failed to fetch pipeline stats. Details: "Can't add new command when connection is in closed state"
[2026-08-06T07:06:37.108Z] 500 Error: Failed to fetch pipeline stats. Details: "Can't add new command when connection is in closed state"
[2026-08-06T07:06:37.141Z] 500 Error: Failed to fetch pipeline stats. Details: "Can't add new command when connection is in closed state"
[2026-08-06T07:06:37.170Z] 500 Error: Failed to fetch pipeline stats. Details: "Can't add new command when connection is in closed state"
[2026-08-06T07:06:37.208Z] 500 Error: Failed to fetch pipeline stats. Details: "Can't add new command when connection is in closed state"
[2026-08-06T07:06:37.240Z] 500 Error: Failed to fetch pipeline stats. Details: "Can't add new command when connection is in closed state"
[2026-08-06T07:06:37.281Z] 500 Error: Failed to fetch pipeline stats. Details: "Can't add new command when connection is in closed state"
[2026-08-06T07:06:37.307Z] 500 Error: Failed to fetch pipeline stats. Details: "Can't add new command when connection is in closed state"
[2026-08-06T07:06:37.335Z] 500 Error: Failed to fetch pipeline stats. Details: "Can't add new command when connection is in closed state"
[2026-08-06T07:06:37.356Z] 500 Error: Failed to fetch pipeline stats. Details: "Can't add new command when connection is in closed state"
[2026-08-06T07:06:37.380Z] 500 Error: Failed to fetch pipeline stats. Details: "Can't add new command when connection is in closed state"
[2026-08-06T07:06:37.419Z] 500 Error: Failed to fetch pipeline stats. Details: "Can't add new command when connection is in closed state"
[2026-08-06T07:06:37.458Z] 500 Error: Failed to fetch pipeline stats. Details: "Can't add new command when connection is in closed state"
[2026-08-06T07:06:37.494Z] 500 Error: Failed to fetch pipeline stats. Details: "Can't add new command when connection is in closed state"
[2026-08-06T07:06:37.533Z] 500 Error: Failed to fetch pipeline stats. Details: "Can't add new command when connection is in closed state"
[2026-08-06T07:06:37.570Z] 500 Error: Failed to fetch pipeline stats. Details: "Can't add new command when connection is in closed state"
[2026-08-06T07:06:37.609Z] 500 Error: Failed to fetch pipeline stats. Details: "Can't add new command when connection is in closed state"
[2026-08-06T07:06:37.640Z] 500 Error: Failed to fetch pipeline stats. Details: "Can't add new command when connection is in closed state"
[2026-08-06T07:06:37.664Z] 500 Error: Failed to fetch pipeline stats. Details: "Can't add new command when connection is in closed state"
[2026-08-06T07:06:37.704Z] 500 Error: Failed to fetch pipeline stats. Details: "Can't add new command when connection is in closed state"
[2026-08-06T07:06:37.739Z] 500 Error: Failed to fetch pipeline stats. Details: "Can't add new command when connection is in closed state"
[2026-08-06T07:06:37.780Z] 500 Error: Failed to fetch pipeline stats. Details: "Can't add new command when connection is in closed state"
[2026-08-06T07:06:37.819Z] 500 Error: Failed to fetch pipeline stats. Details: "Can't add new command when connection is in closed state"
[2026-08-06T07:06:37.844Z] 500 Error: Failed to fetch pipeline stats. Details: "Can't add new command when connection is in closed state"
[2026-08-06T07:06:37.870Z] 500 Error: Failed to fetch pipeline stats. Details: "Can't add new command when connection is in closed state"
[2026-08-06T07:06:37.889Z] 500 Error: Failed to fetch pipeline stats. Details: "Can't add new command when connection is in closed state"
[2026-08-06T07:06:37.914Z] 500 Error: Failed to fetch pipeline stats. Details: "Can't add new command when connection is in closed state"
[2026-08-06T07:06:37.950Z] 500 Error: Failed to fetch pipeline stats. Details: "Can't add new command when connection is in closed state"
[2026-08-06T07:06:37.985Z] 500 Error: Failed to fetch pipeline stats. Details: "Can't add new command when connection is in closed state"
[2026-08-06T07:06:38.023Z] 500 Error: Failed to fetch pipeline stats. Details: "Can't add new command when connection is in closed state"
[2026-08-06T07:06:38.054Z] 500 Error: Failed to fetch pipeline stats. Details: "Can't add new command when connection is in closed state"
[2026-08-06T07:06:38.093Z] 500 Error: Failed to fetch pipeline stats. Details: "Can't add new command when connection is in closed state"
[2026-08-06T07:06:38.131Z] 500 Error: Failed to fetch pipeline stats. Details: "Can't add new command when connection is in closed state"
[2026-08-06T07:06:38.202Z] 500 Error: Failed to fetch pipeline stats. Details: "Can't add new command when connection is in closed state"
[2026-08-06T07:06:38.232Z] 500 Error: Failed to fetch pipeline stats. Details: "Can't add new command when connection is in closed state"
[2026-08-06T07:06:38.258Z] 500 Error: Failed to fetch pipeline stats. Details: "Can't add new command when connection is in closed state"
[2026-08-06T07:06:38.288Z] 500 Error: Failed to fetch pipeline stats. Details: "Can't add new command when connection is in closed state"
[2026-08-06T07:06:38.322Z] 500 Error: Failed to fetch pipeline stats. Details: "Can't add new command when connection is in closed state"
[2026-08-06T07:06:38.348Z] 500 Error: Failed to fetch pipeline stats. Details: "Can't add new command when connection is in closed state"
[2026-08-06T07:06:38.376Z] 500 Error: Failed to fetch pipeline stats. Details: "Can't add new command when connection is in closed state"
[2026-08-06T07:06:38.399Z] 500 Error: Failed to fetch pipeline stats. Details: "Can't add new command when connection is in closed state"
[2026-08-06T07:06:38.424Z] 500 Error: Failed to fetch pipeline stats. Details: "Can't add new command when connection is in closed state"
[2026-08-06T07:06:38.443Z] 500 Error: Failed to fetch pipeline stats. Details: "Can't add new command when connection is in closed state"
[2026-08-06T07:06:38.467Z] 500 Error: Failed to fetch pipeline stats. Details: "Can't add new command when connection is in closed state"
[2026-08-06T07:06:38.496Z] 500 Error: Failed to fetch pipeline stats. Details: "Can't add new command when connection is in closed state"
[2026-08-06T07:06:38.519Z] 500 Error: Failed to fetch pipeline stats. Details: "Can't add new command when connection is in closed state"
[2026-08-06T07:06:38.545Z] 500 Error: Failed to fetch pipeline stats. Details: "Can't add new command when connection is in closed state"
[2026-08-06T07:06:38.578Z] 500 Error: Failed to fetch pipeline stats. Details: "Can't add new command when connection is in closed state"
[2026-08-06T07:06:38.606Z] 500 Error: Failed to fetch pipeline stats. Details: "Can't add new command when connection is in closed state"
[2026-08-06T07:06:38.630Z] 500 Error: Failed to fetch pipeline stats. Details: "Can't add new command when connection is in closed state"
[2026-08-06T07:06:38.669Z] 500 Error: Failed to fetch pipeline stats. Details: "Can't add new command when connection is in closed state"
[2026-08-06T07:06:38.705Z] 500 Error: Failed to fetch pipeline stats. Details: "Can't add new command when connection is in closed state"
[2026-08-06T07:06:38.740Z] 500 Error: Failed to fetch pipeline stats. Details: "Can't add new command when connection is in closed state"
[2026-08-06T07:06:38.778Z] 500 Error: Failed to fetch pipeline stats. Details: "Can't add new command when connection is in closed state"
[2026-08-06T07:06:38.812Z] 500 Error: Failed to fetch pipeline stats. Details: "Can't add new command when connection is in closed state"
[2026-08-06T07:06:38.846Z] 500 Error: Failed to fetch pipeline stats. Details: "Can't add new command when connection is in closed state"
[2026-08-06T07:06:38.881Z] 500 Error: Failed to fetch pipeline stats. Details: "Can't add new command when connection is in closed state"
[2026-08-06T07:06:38.914Z] 500 Error: Failed to fetch pipeline stats. Details: "Can't add new command when connection is in closed state"
[2026-08-06T07:13:57.215Z] 500 Error: Failed to fetch offer letters. Details: "read ECONNRESET"
[2026-08-06T08:25:46.149Z] 500 Error: Failed to fetch dashboard stats. Details: "Expression #1 of ORDER BY clause is not in GROUP BY clause and contains nonaggregated column 'madhurahrms.probations.probation_end_date' which is not functionally dependent on columns in GROUP BY clause; this is incompatible with sql_mode=only_full_group_by"
[2026-08-06T08:29:00.874Z] 500 Error: Failed to fetch dashboard stats. Details: "Expression #1 of ORDER BY clause is not in GROUP BY clause and contains nonaggregated column 'madhurahrms.probations.probation_end_date' which is not functionally dependent on columns in GROUP BY clause; this is incompatible with sql_mode=only_full_group_by"
[2026-08-06T09:45:58.584Z] 500 Error: Failed to retrieve promotion stats. Details: "Unknown column 'promotion_date' in 'where clause'"
[2026-08-06T10:02:52.077Z] 500 Error: Failed to retrieve promotion stats. Details: "Unknown column 'promotion_date' in 'where clause'"
[2026-08-06T11:35:28.773Z] 500 Error: Failed to generate employee report.. Details: "You have an error in your SQL syntax; check the manual that corresponds to your MySQL server version for the right syntax to use near 'leave,\n        SUM(CASE WHEN e.join_date >= DATE_SUB(CURDATE(), INTERVAL 30 DAY)' at line 5"
[2026-08-06T11:35:45.505Z] 500 Error: Failed to generate leave report.. Details: "Unknown column 'lt.type_name' in 'field list'"
[2026-08-06T11:35:48.664Z] 500 Error: Failed to generate payroll report.. Details: "Unknown column 'total_deductions' in 'field list'"
[2026-08-06T11:35:52.028Z] 500 Error: Failed to generate recruitment report.. Details: "Unknown column 'c.source_id' in 'on clause'"
[2026-08-06T11:35:55.412Z] 500 Error: Failed to generate performance report.. Details: "Unknown column 'appraisal_rating' in 'field list'"
[2026-08-06T11:36:16.808Z] 500 Error: Failed to generate employee report.. Details: "You have an error in your SQL syntax; check the manual that corresponds to your MySQL server version for the right syntax to use near 'leave,\n        SUM(CASE WHEN e.join_date >= DATE_SUB(CURDATE(), INTERVAL 30 DAY)' at line 5"
[2026-08-06T11:36:42.953Z] 500 Error: Failed to generate leave report.. Details: "Unknown column 'lt.type_name' in 'field list'"
[2026-08-06T11:36:46.275Z] 500 Error: Failed to generate payroll report.. Details: "Unknown column 'total_deductions' in 'field list'"
[2026-08-06T11:43:25.501Z] 500 Error: Failed to generate employee report.. Details: "You have an error in your SQL syntax; check the manual that corresponds to your MySQL server version for the right syntax to use near 'leave,\n        SUM(CASE WHEN e.join_date >= DATE_SUB(CURDATE(), INTERVAL 30 DAY)' at line 5"
[2026-08-06T11:47:12.086Z] 500 Error: Failed to retrieve employee documents.. Details: "Unknown column 'ed.created_at' in 'order clause'"
[2026-08-06T11:50:33.502Z] 500 Error: Failed to retrieve employee documents.. Details: "Unknown column 'ed.document_type' in 'where clause'"
[2026-08-06T11:50:34.995Z] 500 Error: Failed to retrieve employee documents.. Details: "Unknown column 'ed.document_type' in 'where clause'"
[2026-08-06T11:50:36.105Z] 500 Error: Failed to retrieve employee documents.. Details: "Unknown column 'ed.document_type' in 'where clause'"
[2026-08-06T11:50:37.246Z] 500 Error: Failed to retrieve employee documents.. Details: "Unknown column 'ed.document_type' in 'where clause'"
[2026-08-06T11:50:38.319Z] 500 Error: Failed to retrieve employee documents.. Details: "Unknown column 'ed.document_type' in 'where clause'"
[2026-08-06T11:51:15.160Z] 500 Error: Failed to retrieve employee documents.. Details: "Unknown column 'ed.created_at' in 'order clause'"
[2026-08-06T11:53:24.136Z] 500 Error: Failed to retrieve employee documents.. Details: "Unknown column 'ed.created_at' in 'order clause'"
[2026-08-06T11:55:41.457Z] 500 Error: Failed to save employee document.. Details: "Unknown column 'document_type' in 'field list'"
[2026-08-06T11:55:41.602Z] 500 Error: Failed to retrieve employee documents.. Details: "Unknown column 'ed.created_at' in 'order clause'"
[2026-08-06T11:55:44.607Z] 500 Error: Failed to retrieve employee documents.. Details: "Unknown column 'ed.created_at' in 'order clause'"
[2026-08-06T11:56:14.872Z] 500 Error: Failed to save employee document.. Details: "Unknown column 'document_type' in 'field list'"
[2026-08-06T11:56:15.007Z] 500 Error: Failed to retrieve employee documents.. Details: "Unknown column 'ed.created_at' in 'order clause'"
[2026-08-06T11:56:18.015Z] 500 Error: Failed to retrieve employee documents.. Details: "Unknown column 'ed.created_at' in 'order clause'"
[2026-08-06T12:00:42.795Z] 500 Error: Failed to save employee document.. Details: "Unknown column 'document_type' in 'field list'"
[2026-08-06T12:00:42.946Z] 500 Error: Failed to retrieve employee documents.. Details: "Unknown column 'ed.created_at' in 'order clause'"
[2026-08-06T12:00:46.366Z] 500 Error: Failed to retrieve employee documents.. Details: "Unknown column 'ed.created_at' in 'order clause'"
[2026-08-06T12:03:01.746Z] 500 Error: Failed to retrieve employee documents.. Details: "Unknown column 'ed.created_at' in 'order clause'"
[2026-08-07T09:01:42.157Z] 500 Error: Failed to retrieve KRAs list. Details: "connect ENETUNREACH 185.199.53.201:3306 - Local (0.0.0.0:52234)"
[2026-08-07T09:01:42.180Z] 500 Error: Failed to retrieve KRA stats. Details: "connect ENETUNREACH 185.199.53.201:3306 - Local (0.0.0.0:52250)"
[2026-08-07T09:01:42.230Z] 500 Error: Failed to retrieve KRA stats. Details: "connect ENETUNREACH 185.199.53.201:3306 - Local (0.0.0.0:52272)"
[2026-08-07T09:01:42.233Z] 500 Error: Failed to retrieve KRAs list. Details: "connect ENETUNREACH 185.199.53.201:3306 - Local (0.0.0.0:52273)"
[2026-08-07T09:01:42.261Z] 500 Error: Failed to retrieve KRAs list. Details: "connect ENETUNREACH 185.199.53.201:3306 - Local (0.0.0.0:52278)"
[2026-08-07T09:01:42.264Z] 500 Error: Failed to retrieve KRA stats. Details: "connect ENETUNREACH 185.199.53.201:3306 - Local (0.0.0.0:52279)"
[2026-08-07T09:01:42.288Z] 500 Error: Failed to retrieve KRAs list. Details: "connect ENETUNREACH 185.199.53.201:3306 - Local (0.0.0.0:52284)"
[2026-08-07T09:01:42.290Z] 500 Error: Failed to retrieve KRA stats. Details: "connect ENETUNREACH 185.199.53.201:3306 - Local (0.0.0.0:52285)"
[2026-08-07T09:01:42.308Z] 500 Error: Failed to retrieve KRAs list. Details: "connect ENETUNREACH 185.199.53.201:3306 - Local (0.0.0.0:52290)"
[2026-08-07T09:01:42.311Z] 500 Error: Failed to retrieve KRA stats. Details: "connect ENETUNREACH 185.199.53.201:3306 - Local (0.0.0.0:52291)"
[2026-08-07T09:01:42.340Z] 500 Error: Failed to retrieve KRAs list. Details: "connect ENETUNREACH 185.199.53.201:3306 - Local (0.0.0.0:52296)"
[2026-08-07T09:01:42.343Z] 500 Error: Failed to retrieve KRA stats. Details: "connect ENETUNREACH 185.199.53.201:3306 - Local (0.0.0.0:52297)"
[2026-08-07T09:01:42.368Z] 500 Error: Failed to retrieve KRA stats. Details: "connect ENETUNREACH 185.199.53.201:3306 - Local (0.0.0.0:52302)"
[2026-08-07T09:01:42.371Z] 500 Error: Failed to retrieve KRAs list. Details: "connect ENETUNREACH 185.199.53.201:3306 - Local (0.0.0.0:52303)"
[2026-08-07T09:01:42.396Z] 500 Error: Failed to retrieve KRAs list. Details: "connect ENETUNREACH 185.199.53.201:3306 - Local (0.0.0.0:52308)"
[2026-08-07T09:01:42.398Z] 500 Error: Failed to retrieve KRA stats. Details: "connect ENETUNREACH 185.199.53.201:3306 - Local (0.0.0.0:52309)"
[2026-08-07T09:01:42.420Z] 500 Error: Failed to retrieve KRAs list. Details: "connect ENETUNREACH 185.199.53.201:3306 - Local (0.0.0.0:52314)"
[2026-08-07T09:01:42.436Z] 500 Error: Failed to retrieve KRA stats. Details: "connect ENETUNREACH 185.199.53.201:3306 - Local (0.0.0.0:52315)"
[2026-08-07T09:01:42.446Z] 500 Error: Failed to retrieve KRAs list. Details: "connect ENETUNREACH 185.199.53.201:3306 - Local (0.0.0.0:52320)"
[2026-08-07T09:01:42.449Z] 500 Error: Failed to retrieve KRA stats. Details: "connect ENETUNREACH 185.199.53.201:3306 - Local (0.0.0.0:52321)"
[2026-08-07T09:01:42.471Z] 500 Error: Failed to retrieve KRAs list. Details: "connect ENETUNREACH 185.199.53.201:3306 - Local (0.0.0.0:52326)"
[2026-08-07T09:01:42.474Z] 500 Error: Failed to retrieve KRA stats. Details: "connect ENETUNREACH 185.199.53.201:3306 - Local (0.0.0.0:52327)"
[2026-08-07T09:01:42.538Z] 500 Error: Failed to retrieve KRAs list. Details: "connect ENETUNREACH 185.199.53.201:3306 - Local (0.0.0.0:52336)"
[2026-08-07T09:01:42.556Z] 500 Error: Failed to retrieve KRA stats. Details: "connect ENETUNREACH 185.199.53.201:3306 - Local (0.0.0.0:52337)"
[2026-08-07T09:01:42.598Z] 500 Error: Failed to retrieve KRAs list. Details: "connect ENETUNREACH 185.199.53.201:3306 - Local (0.0.0.0:52341)"
[2026-08-07T09:01:42.606Z] 500 Error: Failed to retrieve KRA stats. Details: "connect ENETUNREACH 185.199.53.201:3306 - Local (0.0.0.0:52343)"
[2026-08-07T09:01:42.623Z] 500 Error: Failed to retrieve KRAs list. Details: "connect ENETUNREACH 185.199.53.201:3306 - Local (0.0.0.0:52348)"
[2026-08-07T09:01:42.626Z] 500 Error: Failed to retrieve KRA stats. Details: "connect ENETUNREACH 185.199.53.201:3306 - Local (0.0.0.0:52349)"
[2026-08-07T09:01:42.647Z] 500 Error: Failed to retrieve KRAs list. Details: "connect ENETUNREACH 185.199.53.201:3306 - Local (0.0.0.0:52354)"
[2026-08-07T09:01:42.649Z] 500 Error: Failed to retrieve KRA stats. Details: "connect ENETUNREACH 185.199.53.201:3306 - Local (0.0.0.0:52355)"
[2026-08-07T09:01:42.672Z] 500 Error: Failed to retrieve KRAs list. Details: "connect ENETUNREACH 185.199.53.201:3306 - Local (0.0.0.0:52360)"
[2026-08-07T09:01:42.674Z] 500 Error: Failed to retrieve KRA stats. Details: "connect ENETUNREACH 185.199.53.201:3306 - Local (0.0.0.0:52361)"
[2026-08-07T09:01:42.697Z] 500 Error: Failed to retrieve KRAs list. Details: "connect ENETUNREACH 185.199.53.201:3306 - Local (0.0.0.0:52366)"
[2026-08-07T09:01:42.701Z] 500 Error: Failed to retrieve KRA stats. Details: "connect ENETUNREACH 185.199.53.201:3306 - Local (0.0.0.0:52367)"
[2026-08-07T09:01:42.735Z] 500 Error: Failed to retrieve KRAs list. Details: "connect ENETUNREACH 185.199.53.201:3306 - Local (0.0.0.0:52372)"
[2026-08-07T09:01:42.740Z] 500 Error: Failed to retrieve KRA stats. Details: "connect ENETUNREACH 185.199.53.201:3306 - Local (0.0.0.0:52373)"
[2026-08-07T09:01:42.766Z] 500 Error: Failed to retrieve KRAs list. Details: "connect ENETUNREACH 185.199.53.201:3306 - Local (0.0.0.0:52378)"
[2026-08-07T09:01:42.770Z] 500 Error: Failed to retrieve KRA stats. Details: "connect ENETUNREACH 185.199.53.201:3306 - Local (0.0.0.0:52379)"
[2026-08-07T09:01:42.921Z] 500 Error: Failed to retrieve KRAs list. Details: "connect ENETUNREACH 185.199.53.201:3306 - Local (0.0.0.0:52384)"
[2026-08-07T09:01:42.924Z] 500 Error: Failed to retrieve KRA stats. Details: "connect ENETUNREACH 185.199.53.201:3306 - Local (0.0.0.0:52385)"
[2026-08-07T09:01:42.961Z] 500 Error: Failed to retrieve KRAs list. Details: "connect ENETUNREACH 185.199.53.201:3306 - Local (0.0.0.0:52390)"
[2026-08-07T09:01:42.964Z] 500 Error: Failed to retrieve KRA stats. Details: "connect ENETUNREACH 185.199.53.201:3306 - Local (0.0.0.0:52391)"
[2026-08-07T09:01:42.989Z] 500 Error: Failed to retrieve KRAs list. Details: "connect ENETUNREACH 185.199.53.201:3306 - Local (0.0.0.0:52396)"
[2026-08-07T09:01:42.991Z] 500 Error: Failed to retrieve KRA stats. Details: "connect ENETUNREACH 185.199.53.201:3306 - Local (0.0.0.0:52397)"
[2026-08-07T09:01:43.026Z] 500 Error: Failed to retrieve KRAs list. Details: "connect ENETUNREACH 185.199.53.201:3306 - Local (0.0.0.0:52402)"
[2026-08-07T09:01:43.031Z] 500 Error: Failed to retrieve KRA stats. Details: "connect ENETUNREACH 185.199.53.201:3306 - Local (0.0.0.0:52403)"
[2026-08-07T09:01:43.064Z] 500 Error: Failed to retrieve KRAs list. Details: "connect ENETUNREACH 185.199.53.201:3306 - Local (0.0.0.0:52408)"
[2026-08-07T09:01:43.069Z] 500 Error: Failed to retrieve KRA stats. Details: "connect ENETUNREACH 185.199.53.201:3306 - Local (0.0.0.0:52409)"
[2026-08-07T09:01:43.110Z] 500 Error: Failed to retrieve KRAs list. Details: "connect ENETUNREACH 185.199.53.201:3306 - Local (0.0.0.0:52414)"
[2026-08-07T09:01:43.112Z] 500 Error: Failed to retrieve KRA stats. Details: "connect ENETUNREACH 185.199.53.201:3306 - Local (0.0.0.0:52415)"
[2026-08-07T09:01:43.143Z] 500 Error: Failed to retrieve KRAs list. Details: "connect ENETUNREACH 185.199.53.201:3306 - Local (0.0.0.0:52420)"
[2026-08-07T09:01:43.145Z] 500 Error: Failed to retrieve KRA stats. Details: "connect ENETUNREACH 185.199.53.201:3306 - Local (0.0.0.0:52421)"
[2026-08-07T09:01:43.179Z] 500 Error: Failed to retrieve KRAs list. Details: "connect ENETUNREACH 185.199.53.201:3306 - Local (0.0.0.0:52426)"
[2026-08-07T09:01:43.183Z] 500 Error: Failed to retrieve KRA stats. Details: "connect ENETUNREACH 185.199.53.201:3306 - Local (0.0.0.0:52430)"
[2026-08-07T09:01:43.202Z] 500 Error: Failed to retrieve KRAs list. Details: "connect ENETUNREACH 185.199.53.201:3306 - Local (0.0.0.0:52456)"
[2026-08-07T09:01:43.204Z] 500 Error: Failed to retrieve KRA stats. Details: "connect ENETUNREACH 185.199.53.201:3306 - Local (0.0.0.0:52457)"
[2026-08-07T09:01:43.231Z] 500 Error: Failed to retrieve KRAs list. Details: "connect ENETUNREACH 185.199.53.201:3306 - Local (0.0.0.0:52462)"
[2026-08-07T09:01:43.233Z] 500 Error: Failed to retrieve KRA stats. Details: "connect ENETUNREACH 185.199.53.201:3306 - Local (0.0.0.0:52463)"
[2026-08-07T09:01:43.264Z] 500 Error: Failed to retrieve KRAs list. Details: "connect ENETUNREACH 185.199.53.201:3306 - Local (0.0.0.0:52468)"
[2026-08-07T09:01:43.265Z] 500 Error: Failed to retrieve KRA stats. Details: "connect ENETUNREACH 185.199.53.201:3306 - Local (0.0.0.0:52469)"
[2026-08-07T09:01:43.287Z] 500 Error: Failed to retrieve KRAs list. Details: "connect ENETUNREACH 185.199.53.201:3306 - Local (0.0.0.0:52474)"
[2026-08-07T09:01:43.288Z] 500 Error: Failed to retrieve KRA stats. Details: "connect ENETUNREACH 185.199.53.201:3306 - Local (0.0.0.0:52475)"
[2026-08-07T09:01:43.308Z] 500 Error: Failed to retrieve KRAs list. Details: "connect ENETUNREACH 185.199.53.201:3306 - Local (0.0.0.0:52480)"
[2026-08-07T09:01:43.310Z] 500 Error: Failed to retrieve KRA stats. Details: "connect ENETUNREACH 185.199.53.201:3306 - Local (0.0.0.0:52481)"
[2026-08-07T09:01:43.332Z] 500 Error: Failed to retrieve KRAs list. Details: "connect ENETUNREACH 185.199.53.201:3306 - Local (0.0.0.0:52486)"
[2026-08-07T09:01:43.334Z] 500 Error: Failed to retrieve KRA stats. Details: "connect ENETUNREACH 185.199.53.201:3306 - Local (0.0.0.0:52487)"
[2026-08-07T09:01:43.353Z] 500 Error: Failed to retrieve KRAs list. Details: "connect ENETUNREACH 185.199.53.201:3306 - Local (0.0.0.0:52492)"
[2026-08-07T09:01:43.356Z] 500 Error: Failed to retrieve KRA stats. Details: "connect ENETUNREACH 185.199.53.201:3306 - Local (0.0.0.0:52493)"
[2026-08-07T09:01:43.376Z] 500 Error: Failed to retrieve KRAs list. Details: "connect ENETUNREACH 185.199.53.201:3306 - Local (0.0.0.0:52498)"
[2026-08-07T09:01:43.377Z] 500 Error: Failed to retrieve KRA stats. Details: "connect ENETUNREACH 185.199.53.201:3306 - Local (0.0.0.0:52499)"
[2026-08-07T09:01:43.395Z] 500 Error: Failed to retrieve KRAs list. Details: "connect ENETUNREACH 185.199.53.201:3306 - Local (0.0.0.0:52504)"
[2026-08-07T09:01:43.397Z] 500 Error: Failed to retrieve KRA stats. Details: "connect ENETUNREACH 185.199.53.201:3306 - Local (0.0.0.0:52505)"
[2026-08-07T09:01:43.422Z] 500 Error: Failed to retrieve KRAs list. Details: "connect ENETUNREACH 185.199.53.201:3306 - Local (0.0.0.0:52510)"
[2026-08-07T09:01:43.424Z] 500 Error: Failed to retrieve KRA stats. Details: "connect ENETUNREACH 185.199.53.201:3306 - Local (0.0.0.0:52511)"
[2026-08-07T09:01:43.443Z] 500 Error: Failed to retrieve KRAs list. Details: "connect ENETUNREACH 185.199.53.201:3306 - Local (0.0.0.0:52516)"
[2026-08-07T09:01:43.444Z] 500 Error: Failed to retrieve KRA stats. Details: "connect ENETUNREACH 185.199.53.201:3306 - Local (0.0.0.0:52517)"
[2026-08-07T09:01:43.461Z] 500 Error: Failed to retrieve KRAs list. Details: "connect ENETUNREACH 185.199.53.201:3306 - Local (0.0.0.0:52522)"
[2026-08-07T09:01:43.462Z] 500 Error: Failed to retrieve KRA stats. Details: "connect ENETUNREACH 185.199.53.201:3306 - Local (0.0.0.0:52523)"
[2026-08-07T09:01:43.488Z] 500 Error: Failed to retrieve KRAs list. Details: "connect ENETUNREACH 185.199.53.201:3306 - Local (0.0.0.0:52532)"
[2026-08-07T09:01:43.490Z] 500 Error: Failed to retrieve KRA stats. Details: "connect ENETUNREACH 185.199.53.201:3306 - Local (0.0.0.0:52533)"
[2026-08-07T09:01:43.510Z] 500 Error: Failed to retrieve KRAs list. Details: "connect ENETUNREACH 185.199.53.201:3306 - Local (0.0.0.0:52538)"
[2026-08-07T09:01:43.512Z] 500 Error: Failed to retrieve KRA stats. Details: "connect ENETUNREACH 185.199.53.201:3306 - Local (0.0.0.0:52539)"
[2026-08-07T09:01:43.530Z] 500 Error: Failed to retrieve KRAs list. Details: "connect ENETUNREACH 185.199.53.201:3306 - Local (0.0.0.0:52544)"
[2026-08-07T09:01:43.532Z] 500 Error: Failed to retrieve KRA stats. Details: "connect ENETUNREACH 185.199.53.201:3306 - Local (0.0.0.0:52545)"
[2026-08-07T09:01:43.554Z] 500 Error: Failed to retrieve KRAs list. Details: "connect ENETUNREACH 185.199.53.201:3306 - Local (0.0.0.0:52550)"
[2026-08-07T09:01:43.555Z] 500 Error: Failed to retrieve KRA stats. Details: "connect ENETUNREACH 185.199.53.201:3306 - Local (0.0.0.0:52551)"
[2026-08-07T09:01:43.576Z] 500 Error: Failed to retrieve KRAs list. Details: "connect ENETUNREACH 185.199.53.201:3306 - Local (0.0.0.0:52556)"
[2026-08-07T09:01:43.578Z] 500 Error: Failed to retrieve KRA stats. Details: "connect ENETUNREACH 185.199.53.201:3306 - Local (0.0.0.0:52557)"
[2026-08-07T09:01:43.602Z] 500 Error: Failed to retrieve KRAs list. Details: "connect ENETUNREACH 185.199.53.201:3306 - Local (0.0.0.0:52562)"
[2026-08-07T09:01:43.604Z] 500 Error: Failed to retrieve KRA stats. Details: "connect ENETUNREACH 185.199.53.201:3306 - Local (0.0.0.0:52563)"
[2026-08-07T09:01:43.621Z] 500 Error: Failed to retrieve KRAs list. Details: "connect ENETUNREACH 185.199.53.201:3306 - Local (0.0.0.0:52568)"
[2026-08-07T09:01:43.624Z] 500 Error: Failed to retrieve KRA stats. Details: "connect ENETUNREACH 185.199.53.201:3306 - Local (0.0.0.0:52569)"
[2026-08-07T09:01:43.641Z] 500 Error: Failed to retrieve KRAs list. Details: "connect ENETUNREACH 185.199.53.201:3306 - Local (0.0.0.0:52574)"
[2026-08-07T09:01:43.643Z] 500 Error: Failed to retrieve KRA stats. Details: "connect ENETUNREACH 185.199.53.201:3306 - Local (0.0.0.0:52575)"
[2026-08-07T09:01:43.662Z] 500 Error: Failed to retrieve KRAs list. Details: "connect ENETUNREACH 185.199.53.201:3306 - Local (0.0.0.0:52580)"
[2026-08-07T09:01:43.664Z] 500 Error: Failed to retrieve KRA stats. Details: "connect ENETUNREACH 185.199.53.201:3306 - Local (0.0.0.0:52581)"
[2026-08-07T09:01:43.682Z] 500 Error: Failed to retrieve KRAs list. Details: "connect ENETUNREACH 185.199.53.201:3306 - Local (0.0.0.0:52586)"
[2026-08-07T09:01:43.684Z] 500 Error: Failed to retrieve KRA stats. Details: "connect ENETUNREACH 185.199.53.201:3306 - Local (0.0.0.0:52587)"
[2026-08-07T09:01:43.706Z] 500 Error: Failed to retrieve KRAs list. Details: "connect ENETUNREACH 185.199.53.201:3306 - Local (0.0.0.0:52592)"
[2026-08-07T09:01:43.707Z] 500 Error: Failed to retrieve KRA stats. Details: "connect ENETUNREACH 185.199.53.201:3306 - Local (0.0.0.0:52593)"
[2026-08-07T09:01:43.727Z] 500 Error: Failed to retrieve KRAs list. Details: "connect ENETUNREACH 185.199.53.201:3306 - Local (0.0.0.0:52598)"
[2026-08-07T09:01:43.728Z] 500 Error: Failed to retrieve KRA stats. Details: "connect ENETUNREACH 185.199.53.201:3306 - Local (0.0.0.0:52599)"
[2026-08-07T09:01:43.749Z] 500 Error: Failed to retrieve KRAs list. Details: "connect ENETUNREACH 185.199.53.201:3306 - Local (0.0.0.0:52604)"
[2026-08-07T09:01:43.750Z] 500 Error: Failed to retrieve KRA stats. Details: "connect ENETUNREACH 185.199.53.201:3306 - Local (0.0.0.0:52605)"
[2026-08-07T09:01:43.771Z] 500 Error: Failed to retrieve KRAs list. Details: "connect ENETUNREACH 185.199.53.201:3306 - Local (0.0.0.0:52610)"
[2026-08-07T09:01:43.773Z] 500 Error: Failed to retrieve KRA stats. Details: "connect ENETUNREACH 185.199.53.201:3306 - Local (0.0.0.0:52611)"
[2026-08-07T09:01:43.795Z] 500 Error: Failed to retrieve KRAs list. Details: "connect ENETUNREACH 185.199.53.201:3306 - Local (0.0.0.0:52616)"
[2026-08-07T09:01:43.796Z] 500 Error: Failed to retrieve KRA stats. Details: "connect ENETUNREACH 185.199.53.201:3306 - Local (0.0.0.0:52617)"
[2026-08-07T09:01:43.841Z] 500 Error: Failed to retrieve KRAs list. Details: "connect ENETUNREACH 185.199.53.201:3306 - Local (0.0.0.0:52622)"
[2026-08-07T09:01:43.842Z] 500 Error: Failed to retrieve KRA stats. Details: "connect ENETUNREACH 185.199.53.201:3306 - Local (0.0.0.0:52623)"
[2026-08-07T09:01:43.863Z] 500 Error: Failed to retrieve KRAs list. Details: "connect ENETUNREACH 185.199.53.201:3306 - Local (0.0.0.0:52628)"
[2026-08-07T09:01:43.864Z] 500 Error: Failed to retrieve KRA stats. Details: "connect ENETUNREACH 185.199.53.201:3306 - Local (0.0.0.0:52629)"
[2026-08-07T09:01:43.886Z] 500 Error: Failed to retrieve KRAs list. Details: "connect ENETUNREACH 185.199.53.201:3306 - Local (0.0.0.0:52634)"
[2026-08-07T09:01:43.887Z] 500 Error: Failed to retrieve KRA stats. Details: "connect ENETUNREACH 185.199.53.201:3306 - Local (0.0.0.0:52635)"
[2026-08-07T09:01:43.909Z] 500 Error: Failed to retrieve KRAs list. Details: "connect ENETUNREACH 185.199.53.201:3306 - Local (0.0.0.0:52640)"
[2026-08-07T09:01:43.910Z] 500 Error: Failed to retrieve KRA stats. Details: "connect ENETUNREACH 185.199.53.201:3306 - Local (0.0.0.0:52641)"
[2026-08-07T09:01:43.931Z] 500 Error: Failed to retrieve KRAs list. Details: "connect ENETUNREACH 185.199.53.201:3306 - Local (0.0.0.0:52646)"
[2026-08-07T09:01:43.932Z] 500 Error: Failed to retrieve KRA stats. Details: "connect ENETUNREACH 185.199.53.201:3306 - Local (0.0.0.0:52647)"
[2026-08-07T09:01:43.963Z] 500 Error: Failed to retrieve KRAs list. Details: "connect ENETUNREACH 185.199.53.201:3306 - Local (0.0.0.0:52652)"
[2026-08-07T09:01:43.965Z] 500 Error: Failed to retrieve KRA stats. Details: "connect ENETUNREACH 185.199.53.201:3306 - Local (0.0.0.0:52653)"
[2026-08-07T09:01:43.995Z] 500 Error: Failed to retrieve KRAs list. Details: "connect ENETUNREACH 185.199.53.201:3306 - Local (0.0.0.0:52658)"
[2026-08-07T09:01:43.996Z] 500 Error: Failed to retrieve KRA stats. Details: "connect ENETUNREACH 185.199.53.201:3306 - Local (0.0.0.0:52659)"
[2026-08-07T09:01:44.026Z] 500 Error: Failed to retrieve KRAs list. Details: "connect ENETUNREACH 185.199.53.201:3306 - Local (0.0.0.0:52664)"
[2026-08-07T09:01:44.028Z] 500 Error: Failed to retrieve KRA stats. Details: "connect ENETUNREACH 185.199.53.201:3306 - Local (0.0.0.0:52665)"
[2026-08-07T09:01:44.060Z] 500 Error: Failed to retrieve KRAs list. Details: "connect ENETUNREACH 185.199.53.201:3306 - Local (0.0.0.0:52670)"
[2026-08-07T09:01:44.061Z] 500 Error: Failed to retrieve KRA stats. Details: "connect ENETUNREACH 185.199.53.201:3306 - Local (0.0.0.0:52671)"
[2026-08-07T09:01:44.095Z] 500 Error: Failed to retrieve KRAs list. Details: "connect ENETUNREACH 185.199.53.201:3306 - Local (0.0.0.0:52676)"
[2026-08-07T09:01:44.096Z] 500 Error: Failed to retrieve KRA stats. Details: "connect ENETUNREACH 185.199.53.201:3306 - Local (0.0.0.0:52677)"
[2026-08-07T09:01:44.126Z] 500 Error: Failed to retrieve KRAs list. Details: "connect ENETUNREACH 185.199.53.201:3306 - Local (0.0.0.0:52682)"
[2026-08-07T09:01:44.127Z] 500 Error: Failed to retrieve KRA stats. Details: "connect ENETUNREACH 185.199.53.201:3306 - Local (0.0.0.0:52683)"
[2026-08-07T09:01:44.158Z] 500 Error: Failed to retrieve KRAs list. Details: "connect ENETUNREACH 185.199.53.201:3306 - Local (0.0.0.0:52688)"
[2026-08-07T09:01:44.159Z] 500 Error: Failed to retrieve KRA stats. Details: "connect ENETUNREACH 185.199.53.201:3306 - Local (0.0.0.0:52689)"
[2026-08-07T09:01:44.242Z] 500 Error: Failed to retrieve KRAs list. Details: "connect ENETUNREACH 185.199.53.201:3306 - Local (0.0.0.0:52722)"
[2026-08-07T09:01:44.244Z] 500 Error: Failed to retrieve KRA stats. Details: "connect ENETUNREACH 185.199.53.201:3306 - Local (0.0.0.0:52723)"
[2026-08-07T09:01:44.281Z] 500 Error: Failed to retrieve KRAs list. Details: "connect ENETUNREACH 185.199.53.201:3306 - Local (0.0.0.0:52728)"
[2026-08-07T09:01:44.283Z] 500 Error: Failed to retrieve KRA stats. Details: "connect ENETUNREACH 185.199.53.201:3306 - Local (0.0.0.0:52729)"
[2026-08-07T09:01:44.311Z] 500 Error: Failed to retrieve KRAs list. Details: "connect ENETUNREACH 185.199.53.201:3306 - Local (0.0.0.0:52734)"
[2026-08-07T09:01:44.313Z] 500 Error: Failed to retrieve KRA stats. Details: "connect ENETUNREACH 185.199.53.201:3306 - Local (0.0.0.0:52735)"
[2026-08-07T09:01:44.339Z] 500 Error: Failed to retrieve KRAs list. Details: "connect ENETUNREACH 185.199.53.201:3306 - Local (0.0.0.0:52740)"
[2026-08-07T09:01:44.341Z] 500 Error: Failed to retrieve KRA stats. Details: "connect ENETUNREACH 185.199.53.201:3306 - Local (0.0.0.0:52741)"
[2026-08-07T09:01:44.367Z] 500 Error: Failed to retrieve KRAs list. Details: "connect ENETUNREACH 185.199.53.201:3306 - Local (0.0.0.0:52746)"
[2026-08-07T09:01:44.368Z] 500 Error: Failed to retrieve KRA stats. Details: "connect ENETUNREACH 185.199.53.201:3306 - Local (0.0.0.0:52747)"
[2026-08-07T09:01:44.393Z] 500 Error: Failed to retrieve KRAs list. Details: "connect ENETUNREACH 185.199.53.201:3306 - Local (0.0.0.0:52752)"
[2026-08-07T09:01:44.394Z] 500 Error: Failed to retrieve KRA stats. Details: "connect ENETUNREACH 185.199.53.201:3306 - Local (0.0.0.0:52753)"
[2026-08-07T09:01:44.418Z] 500 Error: Failed to retrieve KRAs list. Details: "connect ENETUNREACH 185.199.53.201:3306 - Local (0.0.0.0:52758)"
[2026-08-07T09:01:44.419Z] 500 Error: Failed to retrieve KRA stats. Details: "connect ENETUNREACH 185.199.53.201:3306 - Local (0.0.0.0:52759)"
[2026-08-07T09:01:44.445Z] 500 Error: Failed to retrieve KRAs list. Details: "connect ENETUNREACH 185.199.53.201:3306 - Local (0.0.0.0:52764)"
[2026-08-07T09:01:44.447Z] 500 Error: Failed to retrieve KRA stats. Details: "connect ENETUNREACH 185.199.53.201:3306 - Local (0.0.0.0:52765)"
[2026-08-07T09:01:44.475Z] 500 Error: Failed to retrieve KRAs list. Details: "connect ENETUNREACH 185.199.53.201:3306 - Local (0.0.0.0:52770)"
[2026-08-07T09:01:44.477Z] 500 Error: Failed to retrieve KRA stats. Details: "connect ENETUNREACH 185.199.53.201:3306 - Local (0.0.0.0:52771)"
[2026-08-07T09:01:44.502Z] 500 Error: Failed to retrieve KRAs list. Details: "connect ENETUNREACH 185.199.53.201:3306 - Local (0.0.0.0:52780)"
[2026-08-07T09:01:44.504Z] 500 Error: Failed to retrieve KRA stats. Details: "connect ENETUNREACH 185.199.53.201:3306 - Local (0.0.0.0:52781)"
[2026-08-07T09:01:44.528Z] 500 Error: Failed to retrieve KRAs list. Details: "connect ENETUNREACH 185.199.53.201:3306 - Local (0.0.0.0:52786)"
[2026-08-07T09:01:44.530Z] 500 Error: Failed to retrieve KRA stats. Details: "connect ENETUNREACH 185.199.53.201:3306 - Local (0.0.0.0:52787)"
[2026-08-07T09:01:44.588Z] 500 Error: Failed to retrieve KRAs list. Details: "connect ENETUNREACH 185.199.53.201:3306 - Local (0.0.0.0:52792)"
[2026-08-07T09:01:44.590Z] 500 Error: Failed to retrieve KRA stats. Details: "connect ENETUNREACH 185.199.53.201:3306 - Local (0.0.0.0:52793)"
[2026-08-07T09:01:44.621Z] 500 Error: Failed to retrieve KRAs list. Details: "connect ENETUNREACH 185.199.53.201:3306 - Local (0.0.0.0:52798)"
[2026-08-07T09:01:44.622Z] 500 Error: Failed to retrieve KRA stats. Details: "connect ENETUNREACH 185.199.53.201:3306 - Local (0.0.0.0:52799)"
[2026-08-07T09:01:44.648Z] 500 Error: Failed to retrieve KRAs list. Details: "connect ENETUNREACH 185.199.53.201:3306 - Local (0.0.0.0:52804)"
[2026-08-07T09:01:44.649Z] 500 Error: Failed to retrieve KRA stats. Details: "connect ENETUNREACH 185.199.53.201:3306 - Local (0.0.0.0:52805)"
[2026-08-07T09:01:44.678Z] 500 Error: Failed to retrieve KRAs list. Details: "connect ENETUNREACH 185.199.53.201:3306 - Local (0.0.0.0:52810)"
[2026-08-07T09:01:44.679Z] 500 Error: Failed to retrieve KRA stats. Details: "connect ENETUNREACH 185.199.53.201:3306 - Local (0.0.0.0:52811)"
[2026-08-07T09:01:44.703Z] 500 Error: Failed to retrieve KRAs list. Details: "connect ENETUNREACH 185.199.53.201:3306 - Local (0.0.0.0:52816)"
[2026-08-07T09:01:44.704Z] 500 Error: Failed to retrieve KRA stats. Details: "connect ENETUNREACH 185.199.53.201:3306 - Local (0.0.0.0:52817)"
[2026-08-07T09:01:44.734Z] 500 Error: Failed to retrieve KRAs list. Details: "connect ENETUNREACH 185.199.53.201:3306 - Local (0.0.0.0:52822)"
[2026-08-07T09:01:44.735Z] 500 Error: Failed to retrieve KRA stats. Details: "connect ENETUNREACH 185.199.53.201:3306 - Local (0.0.0.0:52823)"
[2026-08-07T09:01:44.764Z] 500 Error: Failed to retrieve KRAs list. Details: "connect ENETUNREACH 185.199.53.201:3306 - Local (0.0.0.0:52828)"
[2026-08-07T09:01:44.766Z] 500 Error: Failed to retrieve KRA stats. Details: "connect ENETUNREACH 185.199.53.201:3306 - Local (0.0.0.0:52829)"
[2026-08-07T09:01:44.796Z] 500 Error: Failed to retrieve KRAs list. Details: "connect ENETUNREACH 185.199.53.201:3306 - Local (0.0.0.0:52834)"
[2026-08-07T09:01:44.798Z] 500 Error: Failed to retrieve KRA stats. Details: "connect ENETUNREACH 185.199.53.201:3306 - Local (0.0.0.0:52835)"
[2026-08-07T09:01:44.835Z] 500 Error: Failed to retrieve KRAs list. Details: "connect ENETUNREACH 185.199.53.201:3306 - Local (0.0.0.0:52840)"
[2026-08-07T09:01:44.837Z] 500 Error: Failed to retrieve KRA stats. Details: "connect ENETUNREACH 185.199.53.201:3306 - Local (0.0.0.0:52841)"
[2026-08-07T09:01:44.899Z] 500 Error: Failed to retrieve KRAs list. Details: "connect ENETUNREACH 185.199.53.201:3306 - Local (0.0.0.0:52846)"
[2026-08-07T09:01:44.901Z] 500 Error: Failed to retrieve KRA stats. Details: "connect ENETUNREACH 185.199.53.201:3306 - Local (0.0.0.0:52847)"
[2026-08-07T09:01:44.934Z] 500 Error: Failed to retrieve KRAs list. Details: "connect ENETUNREACH 185.199.53.201:3306 - Local (0.0.0.0:52852)"
[2026-08-07T09:01:44.937Z] 500 Error: Failed to retrieve KRA stats. Details: "connect ENETUNREACH 185.199.53.201:3306 - Local (0.0.0.0:52853)"
[2026-08-07T09:01:45.017Z] 500 Error: Failed to retrieve KRAs list. Details: "connect ENETUNREACH 185.199.53.201:3306 - Local (0.0.0.0:52858)"
[2026-08-07T09:01:45.019Z] 500 Error: Failed to retrieve KRA stats. Details: "connect ENETUNREACH 185.199.53.201:3306 - Local (0.0.0.0:52859)"
[2026-08-07T09:01:45.054Z] 500 Error: Failed to retrieve KRAs list. Details: "connect ENETUNREACH 185.199.53.201:3306 - Local (0.0.0.0:52864)"
[2026-08-07T09:01:45.056Z] 500 Error: Failed to retrieve KRA stats. Details: "connect ENETUNREACH 185.199.53.201:3306 - Local (0.0.0.0:52865)"
[2026-08-07T09:01:45.117Z] 500 Error: Failed to retrieve KRAs list. Details: "connect ENETUNREACH 185.199.53.201:3306 - Local (0.0.0.0:52878)"
[2026-08-07T09:01:45.119Z] 500 Error: Failed to retrieve KRA stats. Details: "connect ENETUNREACH 185.199.53.201:3306 - Local (0.0.0.0:52879)"
[2026-08-07T09:01:45.218Z] 500 Error: Failed to retrieve KRAs list. Details: "connect ENETUNREACH 185.199.53.201:3306 - Local (0.0.0.0:52923)"
[2026-08-07T09:01:45.220Z] 500 Error: Failed to retrieve KRA stats. Details: "connect ENETUNREACH 185.199.53.201:3306 - Local (0.0.0.0:52924)"
[2026-08-07T09:01:45.265Z] 500 Error: Failed to retrieve KRAs list. Details: "connect ENETUNREACH 185.199.53.201:3306 - Local (0.0.0.0:52929)"
[2026-08-07T09:01:45.267Z] 500 Error: Failed to retrieve KRA stats. Details: "connect ENETUNREACH 185.199.53.201:3306 - Local (0.0.0.0:52930)"
[2026-08-07T09:01:45.295Z] 500 Error: Failed to retrieve KRAs list. Details: "connect ENETUNREACH 185.199.53.201:3306 - Local (0.0.0.0:52935)"
[2026-08-07T09:01:45.297Z] 500 Error: Failed to retrieve KRA stats. Details: "connect ENETUNREACH 185.199.53.201:3306 - Local (0.0.0.0:52936)"
[2026-08-07T09:01:45.325Z] 500 Error: Failed to retrieve KRAs list. Details: "connect ENETUNREACH 185.199.53.201:3306 - Local (0.0.0.0:52941)"
[2026-08-07T09:01:45.327Z] 500 Error: Failed to retrieve KRA stats. Details: "connect ENETUNREACH 185.199.53.201:3306 - Local (0.0.0.0:52942)"
[2026-08-07T09:01:45.352Z] 500 Error: Failed to retrieve KRAs list. Details: "connect ENETUNREACH 185.199.53.201:3306 - Local (0.0.0.0:52947)"
[2026-08-07T09:01:45.353Z] 500 Error: Failed to retrieve KRA stats. Details: "connect ENETUNREACH 185.199.53.201:3306 - Local (0.0.0.0:52948)"
[2026-08-07T09:01:45.380Z] 500 Error: Failed to retrieve KRAs list. Details: "connect ENETUNREACH 185.199.53.201:3306 - Local (0.0.0.0:52953)"
[2026-08-07T09:01:45.382Z] 500 Error: Failed to retrieve KRA stats. Details: "connect ENETUNREACH 185.199.53.201:3306 - Local (0.0.0.0:52954)"
[2026-08-07T09:01:45.410Z] 500 Error: Failed to retrieve KRAs list. Details: "connect ENETUNREACH 185.199.53.201:3306 - Local (0.0.0.0:52959)"
[2026-08-07T09:01:45.412Z] 500 Error: Failed to retrieve KRA stats. Details: "connect ENETUNREACH 185.199.53.201:3306 - Local (0.0.0.0:52960)"
[2026-08-07T09:01:45.437Z] 500 Error: Failed to retrieve KRAs list. Details: "connect ENETUNREACH 185.199.53.201:3306 - Local (0.0.0.0:52965)"
[2026-08-07T09:01:45.442Z] 500 Error: Failed to retrieve KRA stats. Details: "connect ENETUNREACH 185.199.53.201:3306 - Local (0.0.0.0:52966)"
[2026-08-07T09:01:45.467Z] 500 Error: Failed to retrieve KRAs list. Details: "connect ENETUNREACH 185.199.53.201:3306 - Local (0.0.0.0:52971)"
[2026-08-07T09:01:45.468Z] 500 Error: Failed to retrieve KRA stats. Details: "connect ENETUNREACH 185.199.53.201:3306 - Local (0.0.0.0:52972)"
[2026-08-07T09:01:45.495Z] 500 Error: Failed to retrieve KRAs list. Details: "connect ENETUNREACH 185.199.53.201:3306 - Local (0.0.0.0:52981)"
[2026-08-07T09:01:45.496Z] 500 Error: Failed to retrieve KRA stats. Details: "connect ENETUNREACH 185.199.53.201:3306 - Local (0.0.0.0:52982)"
[2026-08-07T09:01:45.523Z] 500 Error: Failed to retrieve KRAs list. Details: "connect ENETUNREACH 185.199.53.201:3306 - Local (0.0.0.0:52987)"
[2026-08-07T09:01:45.524Z] 500 Error: Failed to retrieve KRA stats. Details: "connect ENETUNREACH 185.199.53.201:3306 - Local (0.0.0.0:52988)"
[2026-08-07T09:01:45.624Z] 500 Error: Failed to retrieve KRAs list. Details: "connect ENETUNREACH 185.199.53.201:3306 - Local (0.0.0.0:52993)"
[2026-08-07T09:01:45.627Z] 500 Error: Failed to retrieve KRA stats. Details: "connect ENETUNREACH 185.199.53.201:3306 - Local (0.0.0.0:52994)"
[2026-08-11T05:28:38.646Z] 500 Error: Failed to generate leave report.. Details: "Unknown column 'lt.type_name' in 'field list'"
[2026-08-11T05:28:43.554Z] 500 Error: Failed to generate payroll report.. Details: "Unknown column 'total_deductions' in 'field list'"
[2026-08-11T05:28:47.393Z] 500 Error: Failed to generate recruitment report.. Details: "Unknown column 'c.source_id' in 'on clause'"
[2026-08-11T05:28:49.576Z] 500 Error: Failed to generate performance report.. Details: "Unknown column 'appraisal_rating' in 'field list'"
